#Annotated with Bakta v1.6.1, https://github.com/oschwengers/bakta
#Database v4.0, https://doi.org/10.5281/zenodo.4247252
#Sequence Id	Start	Stop	Strand	Locus Tag	Mol Weight [kDa]	Iso El. Point	Pfam hits	Dbxrefs
contig_1	3622	5142	-	PGH39_00025	59.3	9.1		RefSeq:WP_040148105.1, SO:0001217, UniParc:UPI00058EF0DF, UniRef:UniRef100_A0A4Q5N4D2, UniRef:UniRef50_Q5WYC8, UniRef:UniRef90_Q5WYC8
contig_1	9476	9610	+	PGH39_00050	4.9	5.7		
contig_1	10001	11647	+	PGH39_00055	62.8	8.8		RefSeq:WP_038837839.1, SO:0001217, UniParc:UPI0001E3C4D3, UniRef:UniRef100_A0A4Q5N7L1, UniRef:UniRef50_Q5WYC7, UniRef:UniRef90_A0A4Q5N7L1
contig_1	46752	46904	+	PGH39_00200	5.5	8.8		SO:0001217, UniParc:UPI0002E3504C, UniRef:UniRef100_A0A378K333, UniRef:UniRef50_A0A378K333, UniRef:UniRef90_A0A378K333
contig_1	74093	74281	+	PGH39_00330	7.2	4.1		RefSeq:WP_032802693.1, SO:0001217, UniParc:UPI00051977A9, UniRef:UniRef100_UPI00051977A9, UniRef:UniRef50_A0A378K6A4, UniRef:UniRef90_A0A822W703
contig_1	89443	90036	+	PGH39_00430	22.7	9.3		RefSeq:WP_010946588.1, SO:0001217, UniParc:UPI000044238B, UniRef:UniRef100_A0A131ML88, UniRef:UniRef50_D3HJ19, UniRef:UniRef90_A0A131ML88
contig_1	91691	91972	-	PGH39_00440	10.5	6.4		RefSeq:WP_013101220.1, SO:0001217, UniParc:UPI0001D2055F, UniRef:UniRef100_A0A4T1FGU7, UniRef:UniRef50_A0A129AHP7, UniRef:UniRef90_A0A129AHP7
contig_1	109001	110380	-	PGH39_00540	51.8	6.4		RefSeq:WP_044497214.1, SO:0001217, UniParc:UPI0005CAA1FB, UniRef:UniRef100_UPI0005CAA1FB, UniRef:UniRef50_A0A222P260, UniRef:UniRef90_A0A4T1G0E9
contig_1	112236	112619	-	PGH39_00550	13.6	6.3		RefSeq:WP_011213334.1, SO:0001217, UniParc:UPI0000444C0C, UniRef:UniRef100_A0A2S6F9W2, UniRef:UniRef50_Q5WY33, UniRef:UniRef90_Q5WY33
contig_1	116797	117072	-	PGH39_00575	10.8	5.9		RefSeq:WP_011213336.1, SO:0001217, UniParc:UPI0000444C0E, UniRef:UniRef100_A0A2S6ESD6, UniRef:UniRef50_W0BCY0, UniRef:UniRef90_A0A2S6ESD6
contig_1	118565	119206	-	PGH39_00585	23.0	6.1		RefSeq:WP_011945986.1, SO:0001217, UniParc:UPI0001527734, UniRef:UniRef100_A0A130D121, UniRef:UniRef50_G9EIS2, UniRef:UniRef90_A0A130PW42
contig_1	119690	120124	+	PGH39_00595	14.6	5.4		RefSeq:WP_013101237.1, SO:0001217, UniParc:UPI0001D2057A, UniRef:UniRef100_A0A378K789, UniRef:UniRef50_Q5WY25, UniRef:UniRef90_Q5WY25
contig_1	120246	120692	+	PGH39_00600	16.7	6.2		RefSeq:WP_011945988.1, SO:0001217, UniParc:UPI0001527732, UniRef:UniRef100_UPI0001527732, UniRef:UniRef50_A0A098G1P5, UniRef:UniRef90_A0A1S0VCT6
contig_1	132377	133129	+	PGH39_00645	29.6	5.8		RefSeq:WP_011213338.1, SO:0001217, UniParc:UPI0000444C10, UniRef:UniRef100_A0A2S6F9Y4, UniRef:UniRef50_A0A0A8UWG5, UniRef:UniRef90_A0A2S6F9Y4
contig_1	140971	141627	+	PGH39_00685	25.3	6.4		RefSeq:WP_010946636.1, SO:0001217, UniParc:UPI00004423BA, UniRef:UniRef100_A0A128YPA0, UniRef:UniRef50_W0BC53, UniRef:UniRef90_A0A128YPA0
contig_1	141638	142534	+	PGH39_00690	34.0	4.7		RefSeq:WP_011213341.1, SO:0001217, UniParc:UPI0000444C12, UniRef:UniRef100_A0A2S6ESF7, UniRef:UniRef50_W0BG69, UniRef:UniRef90_A0A2S6ESF7
contig_1	142590	142772	+	PGH39_00695	6.6	6.7		SO:0001217, UniParc:UPI0001D2058E, UniRef:UniRef100_A0A129CJ16, UniRef:UniRef50_A0A129CJ16, UniRef:UniRef90_A0A129CJ16
contig_1	142750	143088	+	PGH39_00700	13.0	4.6		RefSeq:WP_013101252.1, SO:0001217, UniParc:UPI0001D2058F, UniRef:UniRef100_A0A129BA55, UniRef:UniRef50_A0A131MK33, UniRef:UniRef90_A0A131MK33
contig_1	165270	166277	-	PGH39_00815	37.9	5.6		RefSeq:WP_014843598.1, SO:0001217, UniParc:UPI0001E3C7C0, UniRef:UniRef100_A0A4Q5N8A3, UniRef:UniRef50_Q5WXY2, UniRef:UniRef90_A0A4Q5N8A3
contig_1	181172	181756	-	PGH39_00885	21.6	9.4	PF18641.4|LidA_Long_CC	PFAM:PF18641.4
contig_1	206624	207523	-	PGH39_00975	33.4	5.4		RefSeq:WP_011215119.1, SO:0001217, UniParc:UPI00004456B7, UniRef:UniRef100_A0A4T1EGZ6, UniRef:UniRef50_A0A3S0VED7, UniRef:UniRef90_A0A0A2T9T7
contig_1	232384	233463	+	PGH39_01060	42.3	6.5		RefSeq:WP_011946063.1, SO:0001217, UniParc:UPI0001527D1C, UniRef:UniRef100_UPI0001527D1C, UniRef:UniRef50_Q5ZWW1, UniRef:UniRef90_A0A1E5JP56
contig_1	235551	235745	-	PGH39_01080	7.6	5.1		RefSeq:WP_011946067.1, SO:0001217, UniParc:UPI0001527D18, UniRef:UniRef100_A0A2S6EW69, UniRef:UniRef50_Q5ZWV7, UniRef:UniRef90_Q5ZWV7
contig_1	242664	242993	-	PGH39_01115	12.6	10.6		RefSeq:WP_027219605.1, SO:0001217, UniParc:UPI00047FF6CB, UniRef:UniRef100_A0A378K2Y3, UniRef:UniRef50_Q5ZWV1, UniRef:UniRef90_A0A1E5JP54
contig_1	243008	243181	+	PGH39_01120	6.5	5.2		RefSeq:WP_010946719.1, SO:0001217, UniParc:UPI000044240D, UniRef:UniRef100_A0A128ZZP2, UniRef:UniRef50_D3HS99, UniRef:UniRef90_A0A098GC58
contig_1	253193	253558	-	PGH39_01170	13.2	9.2		RefSeq:WP_011213425.1, SO:0001217, UniParc:UPI0000444C66, UniRef:UniRef100_A0A131MIJ2, UniRef:UniRef50_A0A0W0VSI6, UniRef:UniRef90_Q5ZWU0
contig_1	253555	253821	-	PGH39_01175	10.0	9.5		RefSeq:WP_011215143.1, SO:0001217, UniParc:UPI00004456CF, UniRef:UniRef100_A0A128M8E2, UniRef:UniRef50_A0A098GDJ4, UniRef:UniRef90_A0A098GDJ4
contig_1	256025	256612	-	PGH39_01200	22.0	5.5		RefSeq:WP_061634627.1, SO:0001217, UniParc:UPI00077071EA, UniRef:UniRef100_UPI00077071EA, UniRef:UniRef50_A0A0W0R5H1, UniRef:UniRef90_A0A130YMF5
contig_1	260478	260624	+	PGH39_01235	5.0	8.6		RefSeq:WP_016356828.1, SO:0001217, UniParc:UPI000303E673, UniRef:UniRef100_A0A129I8X2, UniRef:UniRef50_A0A378PH53, UniRef:UniRef90_A0A378PH53
contig_1	272866	273039	+	PGH39_01275	5.7	9.1		RefSeq:WP_171945251.1, SO:0001217, UniParc:UPI000770ABD8, UniRef:UniRef100_UPI000770ABD8, UniRef:UniRef50_A0A0W0XQK4, UniRef:UniRef90_UPI000770ABD8
contig_1	282964	283275	-	PGH39_01315	11.4	6.7		RefSeq:WP_027265443.1, SO:0001217, UniParc:UPI000482D593, UniRef:UniRef100_A0A822W6Y5, UniRef:UniRef50_A0A0W0XVC2, UniRef:UniRef90_A0A1E5JNY6
contig_1	285199	285354	-	PGH39_01325	6.1	4.1		RefSeq:WP_167592934.1, SO:0001217, UniParc:UPI000770ACE8, UniRef:UniRef100_A0A822W6S1, UniRef:UniRef50_Q8RNQ2, UniRef:UniRef90_A0A1E5JNY8
contig_1	291862	292362	+	PGH39_01360	18.6	8.9		RefSeq:WP_027265832.1, SO:0001217, UniParc:UPI0004833B50, UniRef:UniRef100_A0A822W3L3, UniRef:UniRef50_A0A0W0XUE2, UniRef:UniRef90_A0A128MGM2
contig_1	293246	294007	-	PGH39_01370	28.9	9.4		RefSeq:WP_061634638.1, SO:0001217, UniParc:UPI0007707699, UniRef:UniRef100_UPI0007707699, UniRef:UniRef50_A0A1X0Y8K9, UniRef:UniRef90_A0A0W0XV95
contig_1	296238	296612	+	PGH39_01380	14.0	9.5		RefSeq:WP_013101362.1, SO:0001217, UniParc:UPI00004450E5, UniRef:UniRef100_A0A2S6ENF4, UniRef:UniRef50_A0A0W0XUU4, UniRef:UniRef90_A0A2S6ENF4
contig_1	307283	307714	-	PGH39_01445	16.0	9.2		RefSeq:WP_011946158.1, SO:0001217, UniParc:UPI0001527A1E, UniRef:UniRef100_A0A2S6FAC7, UniRef:UniRef50_A0A0W0XVA4, UniRef:UniRef90_A0A0W0XVA4
contig_1	312410	312667	+	PGH39_01475	10.0	9.4		RefSeq:WP_011946161.1, SO:0001217, UniParc:UPI0001527A1B, UniRef:UniRef100_A0A1E5JNV9, UniRef:UniRef50_A0A098GDP5, UniRef:UniRef90_A0A1E5JNV9
contig_1	318214	318600	+	PGH39_01500	14.6	9.0		RefSeq:WP_011215197.1, SO:0001217, UniParc:UPI0000445705, UniRef:UniRef100_A0A4T1EGL1, UniRef:UniRef50_A0A4T1EGL1, UniRef:UniRef90_A0A4T1EGL1
contig_1	318615	318830	+	PGH39_01505	7.8	9.6		RefSeq:WP_040148211.1, SO:0001217, UniParc:UPI0002E0A43F, UniRef:UniRef100_A0A4V1ZI69, UniRef:UniRef50_A0A0W0SEU2, UniRef:UniRef90_A0A4V1ZI69
contig_1	320384	320659	+	PGH39_01525	10.2	9.9		RefSeq:WP_229295316.1, SO:0001217, UniParc:UPI00030B93E4, UniRef:UniRef100_UPI00030B93E4, UniRef:UniRef50_T0KBG0, UniRef:UniRef90_UPI00030B93E4
contig_1	322574	322783	+	PGH39_01540	6.8	9.0		RefSeq:WP_229295315.1, SO:0001217, UniParc:UPI0001E3C97B, UniRef:UniRef100_A0A4T1EGU0, UniRef:UniRef50_A0A378KBZ4, UniRef:UniRef90_A0A4T1EGU0
contig_1	322930	323388	+	PGH39_01545	17.8	4.7		RefSeq:WP_011215205.1, SO:0001217, UniParc:UPI000044570D, UniRef:UniRef100_A0A4Q5N8H7, UniRef:UniRef50_Q5WWF4, UniRef:UniRef90_A0A4Q5N8H7
contig_1	325863	326726	-	PGH39_01560	33.6	6.3		RefSeq:WP_038837950.1, SO:0001217, UniParc:UPI0005768668, UniRef:UniRef100_A0A378KLR8, UniRef:UniRef50_Q5WXJ5, UniRef:UniRef90_Q5WXJ5
contig_1	330076	331338	-	PGH39_01580	48.4	5.7		RefSeq:WP_038837960.1, SO:0001217, UniParc:UPI0001E3C981, UniRef:UniRef100_A0A4V4P6V3, UniRef:UniRef50_A0A0W0RC14, UniRef:UniRef90_Q5WXJ2
contig_1	334886	336754	-	PGH39_01600	71.9	9.0		SO:0001217, UniRef:UniRef50_A0A378K0G9, UniRef:UniRef90_A0A3A6UZU3
contig_1	337501	338196	+	PGH39_01610	26.6	6.5		RefSeq:WP_038837976.1, SO:0001217, UniParc:UPI0001E3C9F5, UniRef:UniRef100_A0A4T1EH50, UniRef:UniRef50_Q5WXI3, UniRef:UniRef90_Q5WXI3
contig_1	339209	339592	-	PGH39_01620	14.5	8.3		RefSeq:WP_027265804.1, SO:0001217, UniParc:UPI0001E3C9F7, UniRef:UniRef100_A0A378KDH2, UniRef:UniRef50_A0A2H5FMJ3, UniRef:UniRef90_Q5WXI1
contig_1	339693	339884	+	PGH39_01625	7.2	6.0		SO:0001217, UniRef:UniRef50_A0A822W6X5, UniRef:UniRef90_A0A822W6X5
contig_1	339808	340518	-	PGH39_01630	26.9	9.6		RefSeq:WP_038837981.1, SO:0001217, UniParc:UPI0001E3C9F8, UniRef:UniRef100_A0A4T1EHD4, UniRef:UniRef50_A0A0W0VVQ7, UniRef:UniRef90_A0A4T1EHD4
contig_1	354335	354637	-	PGH39_01680	11.3	4.5		RefSeq:WP_223919100.1, SO:0001217, UniParc:UPI0001E3C9FF, UniRef:UniRef100_A0A8D6RC10, UniRef:UniRef50_A0A140J3C2, UniRef:UniRef50_A0A8D6RC10, UniRef:UniRef90_A0A3A6VQX8, UniRef:UniRef90_A0A8D6RC10
contig_1	368798	368920	+	PGH39_01730	4.5	10.2		SO:0001217, UniRef:UniRef50_A0A822WDG9, UniRef:UniRef90_A0A822WDG9
contig_1	368928	370067	-	PGH39_01735	43.1	5.9		RefSeq:WP_038838013.1, SO:0001217, UniParc:UPI0001E3CA0A, UniRef:UniRef100_A0A4V4PC87, UniRef:UniRef50_A0A4V4PC87, UniRef:UniRef90_A0A378K744
contig_1	371862	372188	-	PGH39_01745	11.7	5.8		RefSeq:WP_038838019.1, SO:0001217, UniParc:UPI0001E3CA0C, UniRef:UniRef100_A0A4T1G0W4, UniRef:UniRef50_A0A130VST1, UniRef:UniRef90_A0A130VST1
contig_1	373534	373914	-	PGH39_01755	14.1	8.7		RefSeq:WP_027265781.1, SO:0001217, UniParc:UPI0001E3CA0E, UniRef:UniRef100_A0A4T1EU24, UniRef:UniRef50_A0A0W0YMH3, UniRef:UniRef90_A0A131HBC2
contig_1	376866	377087	-	PGH39_01775	8.2	9.2		SO:0001217, UniParc:UPI000770ADA3, UniRef:UniRef100_A0A8D6RE04, UniRef:UniRef50_Q5WXF5, UniRef:UniRef90_Q5WXF5
contig_1	384499	386808	+	PGH39_01815	88.1	5.7		RefSeq:WP_038838037.1, SO:0001217, UniParc:UPI0001E3CAA3, UniRef:UniRef100_A0A4T1EHC3, UniRef:UniRef50_Q5WXE7, UniRef:UniRef90_Q5WXE7
contig_1	390964	391746	+	PGH39_01835	29.6	9.1		RefSeq:WP_038838043.1, SO:0001217, UniParc:UPI0001E3CAA7, UniRef:UniRef100_A0A4Q5NB67, UniRef:UniRef50_Q5WXE3, UniRef:UniRef90_A0A140J3F0
contig_1	392990	394462	-	PGH39_01845	56.8	5.9		RefSeq:WP_038838046.1, SO:0001217, UniParc:UPI0001E3CAA9, UniRef:UniRef100_A0A4Q5NE46, UniRef:UniRef50_Q5WXE1, UniRef:UniRef90_Q5WXE1
contig_1	394676	395986	-	PGH39_01850	49.5	6.2		RefSeq:WP_027265764.1, SO:0001217, UniParc:UPI0001E3CAAA, UniRef:UniRef100_A0A378KLY4, UniRef:UniRef50_Q5WXE0, UniRef:UniRef90_Q5WXE0
contig_1	396299	397123	-	PGH39_01855	30.9	5.2		RefSeq:WP_038838048.1, SO:0001217, UniParc:UPI0001E3CAAB, UniRef:UniRef100_A0A4T1G6F4, UniRef:UniRef50_A0A140J3F3, UniRef:UniRef90_A0A378K540
contig_1	406934	407179	-	PGH39_01895	9.0	9.3		RefSeq:WP_014841398.1, SO:0001217, UniParc:UPI0001E3CAB2, UniRef:UniRef100_A0A130Y4N4, UniRef:UniRef50_Q5WXD0, UniRef:UniRef90_Q5WXD0
contig_1	421253	422722	+	PGH39_01955	54.8	8.7	PF08238.15|Sel1, PF08238.15|Sel1, PF08238.15|Sel1, PF08238.15|Sel1, PF08238.15|Sel1, PF08238.15|Sel1, PF08238.15|Sel1, PF08238.15|Sel1, PF08238.15|Sel1, PF08238.15|Sel1, PF08238.15|Sel1, PF08238.15|Sel1	PFAM:PF08238.15, PFAM:PF08238.15, PFAM:PF08238.15, PFAM:PF08238.15, PFAM:PF08238.15, PFAM:PF08238.15, PFAM:PF08238.15, PFAM:PF08238.15, PFAM:PF08238.15, PFAM:PF08238.15, PFAM:PF08238.15, PFAM:PF08238.15
contig_1	426138	426383	+	PGH39_01970	9.2	7.9		RefSeq:WP_011213531.1, SO:0001217, UniParc:UPI0000444CD0, UniRef:UniRef100_A0A0C9NW60, UniRef:UniRef50_D3HQ65, UniRef:UniRef90_A0A0C9NW60
contig_1	455991	456161	+	PGH39_02110	6.7	9.4		RefSeq:WP_015444582.1, SO:0001217, UniParc:UPI0001E3CB3C, UniRef:UniRef100_A0A822WDH5, UniRef:UniRef50_A0A0W1A6Q7, UniRef:UniRef90_A0A822WDH5
contig_1	498733	499053	+	PGH39_02335	11.7	8.0		RefSeq:WP_027220717.1, SO:0001217, UniParc:UPI0001E3C175, UniRef:UniRef100_A0A4T1CIK0, UniRef:UniRef50_Q5WX46, UniRef:UniRef90_Q5WX46
contig_1	505418	505699	+	PGH39_02370	11.4	4.5		SO:0001217, UniRef:UniRef50_A0A378K740, UniRef:UniRef90_A0A378K740
contig_1	506643	506843	-	PGH39_02380	8.0	5.3		RefSeq:WP_010947029.1, SO:0001217, UniParc:UPI000044251C, UniRef:UniRef100_A0A131MGB8, UniRef:UniRef50_A0A0W0ZWD3, UniRef:UniRef90_A0A131MGB8
contig_1	509103	509798	+	PGH39_02385	26.1	4.4		
contig_1	525241	527223	+	PGH39_02445	74.0	5.1		RefSeq:WP_038838158.1, SO:0001217, UniParc:UPI0001E3C20B, UniRef:UniRef100_A0A4T1EL75, UniRef:UniRef50_A0A7G4A2E9, UniRef:UniRef90_A0A2S6F8E4
contig_1	604705	605082	-	PGH39_02770	14.0	5.2		RefSeq:WP_010947115.1, SO:0001217, UniParc:UPI000044256D, UniRef:UniRef100_I7HVW5, UniRef:UniRef50_A0A098G5G9, UniRef:UniRef90_I7HVW5
contig_1	605959	607110	+	PGH39_02780	44.5	8.9		RefSeq:WP_229295310.1, SO:0001217, UniParc:UPI0007706DC0, UniRef:UniRef100_UPI0007706DC0, UniRef:UniRef50_Q5WWW1, UniRef:UniRef90_A0A378K7C4
contig_1	607056	607364	+	PGH39_02785	11.5	8.5		RefSeq:WP_229295309.1, SO:0001217, UniParc:UPI00077085C1, UniRef:UniRef100_UPI00077085C1, UniRef:UniRef50_UPI00077085C1, UniRef:UniRef90_UPI00077085C1
contig_1	652530	652928	-	PGH39_03005	14.4	9.5		RefSeq:WP_010947160.1, SO:0001217, UniParc:UPI000044259B, UniRef:UniRef100_A0A0C9MJM3, UniRef:UniRef50_W0BEP6, UniRef:UniRef90_A0A0C9MJM3
contig_1	656880	657683	-	PGH39_03030	30.2	5.7		RefSeq:WP_038838320.1, SO:0001217, UniParc:UPI0001E3C426, UniRef:UniRef100_A0A8D6LVT3, UniRef:UniRef50_A0A4T1G238, UniRef:UniRef90_A0A4T1G238
contig_1	683018	683827	+	PGH39_03150	30.7	6.1		COG:COG4255, COG:S, RefSeq:WP_027266507.1, SO:0001217, UniParc:UPI0001E3C4E5, UniRef:UniRef100_A0A378KFG4, UniRef:UniRef50_A0A0W1AAV1, UniRef:UniRef90_A0A3A6UR17
contig_1	707936	708976	-	PGH39_03255	39.8	9.1		RefSeq:WP_038838370.1, SO:0001217, UniParc:UPI0001E3C5A7, UniRef:UniRef100_A0A378KHW3, UniRef:UniRef50_Q5WWA6, UniRef:UniRef90_Q5WWA6
contig_1	717453	718481	+	PGH39_03295	38.4	6.7		RefSeq:WP_027266484.1, SO:0001217, UniParc:UPI0001E3C5AD, UniRef:UniRef100_A0A4T1FFY1, UniRef:UniRef50_Q5WWB4, UniRef:UniRef90_Q5WWB4
contig_2	4665	5303	-	PGH39_03350	23.3	5.9		RefSeq:WP_038838874.1, SO:0001217, UniParc:UPI0001E3C393, UniRef:UniRef100_A0A8D6LWT9, UniRef:UniRef50_A0A1E5JPM9, UniRef:UniRef90_A0A378K6Y1
contig_2	22128	22382	-	PGH39_03405	9.7	6.8		SO:0001217, UniRef:UniRef50_A0A0W0SGL5, UniRef:UniRef90_Q5WV80
contig_2	23236	23985	+	PGH39_03415	27.6	8.6		RefSeq:WP_038838900.1, SO:0001217, UniParc:UPI0001E3C435, UniRef:UniRef100_A0A4T1E078, UniRef:UniRef50_A0A0W1A2G3, UniRef:UniRef90_A0A4T1E078
contig_2	37929	39647	+	PGH39_03480	66.0	6.4		RefSeq:WP_038838914.1, SO:0001217, UniParc:UPI0001E3C440, UniRef:UniRef100_A0A4V4P6E2, UniRef:UniRef50_A0A4V4P6E2, UniRef:UniRef90_A0A4V4P6E2
contig_2	39869	41311	+	PGH39_03485	53.2	8.6	PF00415.21|RCC1, PF00415.21|RCC1, PF00415.21|RCC1	PFAM:PF00415.21, PFAM:PF00415.21, PFAM:PF00415.21, SO:0001217, UniRef:UniRef50_Q5WV64, UniRef:UniRef90_Q5WV64
contig_2	54036	54197	-	PGH39_03530	6.1	4.6		RefSeq:WP_229295296.1, SO:0001217, UniParc:UPI0001E3C4F7, UniRef:UniRef100_UPI0001E3C4F7, UniRef:UniRef50_UPI001A338BD1, UniRef:UniRef90_UPI0007707453
contig_2	55491	56114	-	PGH39_03545	25.2	5.1		RefSeq:WP_027265085.1, SO:0001217, UniParc:UPI0004869252, UniRef:UniRef100_A0A8D6LWN5, UniRef:UniRef50_A0A140IVD7, UniRef:UniRef90_Q5WV51
contig_2	57053	57553	-	PGH39_03555	17.6	5.4		RefSeq:WP_027265083.1, SO:0001217, UniParc:UPI0001E3C4FC, UniRef:UniRef100_A0A4Q5NBB4, UniRef:UniRef50_A0A3A6UFK0, UniRef:UniRef90_A0A3A6UFK0
contig_2	60330	60887	-	PGH39_03570	21.7	6.5		RefSeq:WP_038838932.1, SO:0001217, UniParc:UPI0005779422, UniRef:UniRef100_A0A4V4PBX0, UniRef:UniRef50_Q5WV46, UniRef:UniRef90_Q5WV46
contig_2	60884	61690	-	PGH39_03575	31.3	8.4		COG:COG4966, COG:NW, RefSeq:WP_050566929.1, SO:0001217, UniParc:UPI0006ACBE94, UniRef:UniRef100_A0A4Q5NBC9, UniRef:UniRef50_Q5WV45, UniRef:UniRef90_Q5WV45
contig_2	69078	69491	-	PGH39_03620	15.8	9.8		RefSeq:WP_010947721.1, SO:0001217, UniParc:UPI00004427BD, UniRef:UniRef100_A0A2S6F4Q9, UniRef:UniRef50_D3HQT8, UniRef:UniRef90_Q5WV36
contig_2	82024	82305	+	PGH39_03690	11.1	7.9		RefSeq:WP_027229216.1, SO:0001217, UniParc:UPI0001E3C509, UniRef:UniRef100_A0A2S6EXY2, UniRef:UniRef50_A0A1J4STI4, UniRef:UniRef90_A0A128RP38
contig_2	103302	104375	-	PGH39_03770	41.3	8.5		RefSeq:WP_027265065.1, SO:0001217, UniParc:UPI0001E3C5CE, UniRef:UniRef100_A0A4T1EHV4, UniRef:UniRef50_Q5WV06, UniRef:UniRef90_Q5WV06
contig_2	116768	117592	+	PGH39_03845	31.6	6.6		RefSeq:WP_038838954.1, SO:0001217, UniParc:UPI0001E3C5D9, UniRef:UniRef100_A0A4Q5ND04, UniRef:UniRef50_Q5WUZ1, UniRef:UniRef90_Q5WUZ1
contig_2	117720	118019	+	PGH39_03850	12.5	10.0		RefSeq:WP_027229287.1, SO:0001217, UniParc:UPI0001E3C5DA, UniRef:UniRef100_A0A378KJN9, UniRef:UniRef50_Q5WUZ0, UniRef:UniRef90_Q5WUZ0
contig_2	118171	119214	-	PGH39_03855	40.3	6.4		RefSeq:WP_038838956.1, SO:0001217, UniParc:UPI0001E3C5DB, UniRef:UniRef100_A0A4T1ED96, UniRef:UniRef50_A0A3A6TZJ3, UniRef:UniRef90_Q5WUY9
contig_2	121698	122576	+	PGH39_03870	32.5	6.3		COG:COG1577, COG:I, RefSeq:WP_038838959.1, SO:0001217, UniParc:UPI0001E3C5DD, UniRef:UniRef100_A0A378KJB7, UniRef:UniRef50_D3HJA0, UniRef:UniRef90_Q5WUY6
contig_2	124589	124774	+	PGH39_03895	7.0	9.3		RefSeq:WP_015444325.1, SO:0001217, UniParc:UPI0002C07C89, UniRef:UniRef100_A0A129PFA5, UniRef:UniRef50_D3HLH8, UniRef:UniRef90_A0A129PFA5
contig_2	126097	127440	-	PGH39_03910	51.4	6.6		SO:0001217, UniRef:UniRef50_Q5ZW22, UniRef:UniRef90_A0A377GGS5
contig_2	129174	129416	+	PGH39_03920	9.2	6.7		RefSeq:WP_015444320.1, SO:0001217, UniParc:UPI0001E3C7F9, UniRef:UniRef100_A0A129W0C5, UniRef:UniRef50_D3HLI2, UniRef:UniRef90_A0A129W0C5
contig_2	131030	131224	+	PGH39_03935	7.5	5.9		RefSeq:WP_015444316.1, SO:0001217, UniParc:UPI0001E3C7FC, UniRef:UniRef100_A0A129KF70, UniRef:UniRef50_A0A129KF70, UniRef:UniRef90_A0A129KF70
contig_2	132788	132952	-	PGH39_03950	5.9	6.8		RefSeq:WP_015444311.1, SO:0001217, UniParc:UPI0001E3C802, UniRef:UniRef100_UPI0001E3C802, UniRef:UniRef50_A0A0W0XQZ1, UniRef:UniRef90_UPI001C15DA39
contig_2	135945	136145	+	PGH39_03970	7.4	10.4		RefSeq:WP_038839088.1, SO:0001217, UniParc:UPI00057731B5, UniRef:UniRef100_A0A129RWT3, UniRef:UniRef50_A0A129RWT3, UniRef:UniRef90_A0A129RWT3
contig_2	158302	158472	-	PGH39_04050	5.7	8.0		RefSeq:WP_015444289.1, SO:0001217, UniParc:UPI0001E3C88C, UniRef:UniRef100_UPI0001E3C88C, UniRef:UniRef50_A0A0W0XQK4, UniRef:UniRef90_UPI000FD8817F
contig_2	170714	170860	-	PGH39_04090	5.0	8.7		RefSeq:WP_015444281.1, SO:0001217, UniParc:UPI0001E3C894, UniRef:UniRef100_UPI0001E3C894, UniRef:UniRef50_A0A378PH53, UniRef:UniRef90_UPI0001E3C894
contig_2	171066	171923	+	PGH39_04095	32.3	7.0		RefSeq:WP_015444280.1, SO:0001217, UniParc:UPI0001E3C895, UniRef:UniRef100_A0A128SU39, UniRef:UniRef50_W0BDT8, UniRef:UniRef90_A0A2Z3KKF4
contig_2	182656	182868	+	PGH39_04160	7.5	8.7		RefSeq:WP_038839095.1, SO:0001217, UniParc:UPI0001E3C8A3, UniRef:UniRef100_A0A128J817, UniRef:UniRef50_A0A0W0U8I8, UniRef:UniRef90_A0A128J817
contig_2	189067	189837	-	PGH39_04190	29.4	6.3		RefSeq:WP_015444261.1, SO:0001217, UniParc:UPI0001E3C8A9, UniRef:UniRef100_A0A129SJ86, UniRef:UniRef50_A0A0W1A3S6, UniRef:UniRef90_A0A0W1A3S6
contig_2	201832	202233	-	PGH39_04250	15.0	9.7		RefSeq:WP_038839107.1, SO:0001217, UniParc:UPI0001E3C910, UniRef:UniRef100_A0A4T1EDI9, UniRef:UniRef50_W0BAI5, UniRef:UniRef90_A0A129D189
contig_2	212571	212849	+	PGH39_04285	10.3	6.4		RefSeq:WP_011216039.1, SO:0001217, UniParc:UPI0000445A4B, UniRef:UniRef100_A0A4Q5ND71, UniRef:UniRef50_A0A4Q5ND71, UniRef:UniRef90_A0A4Q5ND71
contig_2	212860	213249	+	PGH39_04290	15.0	4.9		RefSeq:WP_011216040.1, SO:0001217, UniParc:UPI0000445A4C, UniRef:UniRef100_A0A129E9Q7, UniRef:UniRef50_A0A129E9Q7, UniRef:UniRef90_A0A378K6U1
contig_2	235591	235950	+	PGH39_04385	13.9	6.4		RefSeq:WP_027265406.1, SO:0001217, UniParc:UPI0001E3C92A, UniRef:UniRef100_A0A378KGB8, UniRef:UniRef50_Q5WUU0, UniRef:UniRef90_Q5WUU0
contig_2	236178	236777	+	PGH39_04390	22.7	5.6		RefSeq:WP_229295300.1, SO:0001217, UniParc:UPI000770ABBA, UniRef:UniRef100_A0A4T1EH94, UniRef:UniRef50_A0A140IV46, UniRef:UniRef90_A0A4T1EH94
contig_2	248322	248546	-	PGH39_04420	8.4	9.4		SO:0001217, UniRef:UniRef50_A0A822WDC9, UniRef:UniRef90_A0A822WDC9
contig_2	268251	268679	-	PGH39_04465	15.4	9.7		RefSeq:WP_038839143.1, SO:0001217, UniParc:UPI0001E3C9A8, UniRef:UniRef100_A0A4Q5ND97, UniRef:UniRef50_D3HJW0, UniRef:UniRef90_Q5WUS7
contig_2	268916	269428	+	PGH39_04470	18.9	5.8		RefSeq:WP_027265421.1, SO:0001217, UniParc:UPI000483BF21, UniRef:UniRef100_A0A4V4PBY8, UniRef:UniRef50_Q5WUS6, UniRef:UniRef90_Q5WUS6
contig_2	273149	273763	+	PGH39_04495	23.8	7.8		RefSeq:WP_038839145.1, SO:0001217, UniParc:UPI000577DA2E, UniRef:UniRef100_A0A4T1G4S1, UniRef:UniRef50_Q5WUS1, UniRef:UniRef90_Q5WUS1
contig_2	274640	275008	+	PGH39_04505	13.5	8.6		RefSeq:WP_027265428.1, SO:0001217, UniParc:UPI0001E3C9B1, UniRef:UniRef100_A0A378KJU9, UniRef:UniRef50_A0A140J5Y3, UniRef:UniRef90_A0A140J5Y3
contig_2	275028	275381	+	PGH39_04510	13.1	9.0		RefSeq:WP_011216078.1, SO:0001217, UniParc:UPI0000445A71, UniRef:UniRef100_Q5WUR9, UniRef:UniRef50_Q5WUR9, UniRef:UniRef90_Q5WUR9
contig_2	275631	276941	+	PGH39_04515	49.9	7.0		RefSeq:WP_038839148.1, SO:0001217, UniParc:UPI0001E3C9B2, UniRef:UniRef100_A0A4T1EE97, UniRef:UniRef50_Q5WUR8, UniRef:UniRef90_Q5WUR8
contig_2	285139	285294	+	PGH39_04550	6.1	7.9		SO:0001217, UniRef:UniRef50_A0A378K5U4, UniRef:UniRef90_A0A378K5U4
contig_2	297553	297741	-	PGH39_04580	7.2	9.9		SO:0001217, UniParc:UPI0001E3CA29, UniRef:UniRef100_A0A378KHV2, UniRef:UniRef50_A0A378KHV2, UniRef:UniRef90_A0A378KHV2
contig_2	316142	316435	-	PGH39_04625	11.6	9.7		SO:0001217, UniParc:UPI0000445035, UniRef:UniRef100_A0A131NFE6, UniRef:UniRef50_Q5WUP9, UniRef:UniRef90_Q5WUP9
contig_2	321145	321726	-	PGH39_04650	22.9	5.9		RefSeq:WP_038839169.1, SO:0001217, UniParc:UPI0001E3CA34, UniRef:UniRef100_A0A4Q5NBU5, UniRef:UniRef50_W0B6Q1, UniRef:UniRef90_A0A4Q5NBU5
contig_2	328198	328836	+	PGH39_04685	24.4	9.5		RefSeq:WP_038839174.1, SO:0001217, UniParc:UPI0001E3CA3B, UniRef:UniRef100_A0A4Q5NDC9, UniRef:UniRef50_Q5WUN8, UniRef:UniRef90_Q5WUN8
contig_2	330211	331434	-	PGH39_04695	47.0	8.5	PF13645.9|YkuD_2	PFAM:PF13645.9, RefSeq:WP_011947068.1, SO:0001217, UniParc:UPI0001527E1E, UniRef:UniRef100_A0A128PJ12, UniRef:UniRef50_A0A0A8UNG3, UniRef:UniRef90_Q5WUN6
contig_2	334908	335030	+	PGH39_04715	4.7	4.8		SO:0001217, UniParc:UPI000770AE51, UniRef:UniRef100_A0A822W9V2, UniRef:UniRef50_A0A822W9V2, UniRef:UniRef90_A0A822W9V2
contig_2	344714	345835	+	PGH39_04760	43.1	8.7		RefSeq:WP_027265478.1, SO:0001217, UniParc:UPI0001E3CAC9, UniRef:UniRef100_A0A4T1EEH3, UniRef:UniRef50_A0A0W0YZL6, UniRef:UniRef90_Q5WUM4
contig_2	349907	350362	-	PGH39_04780	16.9	9.3		SO:0001217, UniParc:UPI000770A55B, UniRef:UniRef100_A0A822W9Z4, UniRef:UniRef50_A0A822W9Z4, UniRef:UniRef90_A0A822W9Z4
contig_2	350308	350526	-	PGH39_04785	8.4	5.3		SO:0001217, UniParc:UPI0001E3CACD, UniRef:UniRef100_A0A822W5W6, UniRef:UniRef50_A0A822W5W6, UniRef:UniRef90_A0A822W5W6
contig_2	378593	378811	-	PGH39_04890	8.2	10.0		RefSeq:WP_027265625.1, SO:0001217, UniParc:UPI0001E3CB50, UniRef:UniRef100_A0A822W994, UniRef:UniRef50_A0A822W994, UniRef:UniRef90_A0A822W994
contig_2	378840	381740	+	PGH39_04895	111.8	7.1		RefSeq:WP_038839204.1, SO:0001217, UniParc:UPI0001E3CB51, UniRef:UniRef100_A0A4T1EDY6, UniRef:UniRef50_A0A0W1A2R4, UniRef:UniRef90_Q5WUJ8
contig_2	383615	384124	-	PGH39_04905	19.0	5.4		RefSeq:WP_011216150.1, SO:0001217, UniParc:UPI0000445AB5, UniRef:UniRef100_A0A4T1FYP5, UniRef:UniRef50_G9EPW7, UniRef:UniRef90_A0A140J653
contig_2	396579	397229	-	PGH39_04965	24.8	8.2		RefSeq:WP_038839213.1, SO:0001217, UniParc:UPI0001E3CB5B, UniRef:UniRef100_A0A4T1EIP4, UniRef:UniRef50_A0A098GAF0, UniRef:UniRef90_A0A140IUU0
contig_2	406524	407084	+	PGH39_05020	20.5	9.4		RefSeq:WP_011216172.1, SO:0001217, UniParc:UPI0000445AC9, UniRef:UniRef100_A0A4T1FZ21, UniRef:UniRef50_A0A0W1AKS5, UniRef:UniRef90_A0A127V476
contig_2	414117	414812	-	PGH39_05055	25.9	6.6		RefSeq:WP_011216178.1, SO:0001217, UniParc:UPI0000445ACF, UniRef:UniRef100_A0A4T1ZKL6, UniRef:UniRef50_A0A0W0VUH0, UniRef:UniRef90_A0A140IUS4
contig_2	419918	420478	-	PGH39_05085	21.3	8.1		RefSeq:WP_027221010.1, SO:0001217, UniParc:UPI0001E3C19C, UniRef:UniRef100_A0A131G000, UniRef:UniRef50_A0A0A8USX7, UniRef:UniRef90_Q5WUG1
contig_2	422026	422424	-	PGH39_05095	15.0	5.5		RefSeq:WP_038839242.1, SO:0001217, UniParc:UPI0001E3C19E, UniRef:UniRef100_A0A378KPY7, UniRef:UniRef50_Q5WUF9, UniRef:UniRef90_Q5WUF9
contig_2	448540	448842	+	PGH39_05220	11.1	8.9		RefSeq:WP_010948018.1, SO:0001217, UniParc:UPI00004428DA, UniRef:UniRef100_A0A130TPH7, UniRef:UniRef50_A0A098GK57, UniRef:UniRef90_A0A130TPH7
contig_2	455907	456344	-	PGH39_05265	16.5	7.0		RefSeq:WP_015444141.1, SO:0001217, UniParc:UPI0001E3C23A, UniRef:UniRef100_A0A2S6F3V2, UniRef:UniRef50_A0A098G6T1, UniRef:UniRef90_A0A127V4D8
contig_2	471502	471780	-	PGH39_05335	10.7	4.9		RefSeq:WP_010948040.1, SO:0001217, UniParc:UPI00004428F0, UniRef:UniRef100_A0A129FBP0, UniRef:UniRef50_A0A378JWA6, UniRef:UniRef90_Q5WUB4
contig_2	471798	471974	+	PGH39_05340	6.6	5.1		RefSeq:WP_014844483.1, SO:0001217, UniParc:UPI00026D9D90, UniRef:UniRef100_A0A8D6RF47, UniRef:UniRef50_Q5WUB3, UniRef:UniRef90_Q5WUB3
contig_2	481893	482111	-	PGH39_05395	8.5	9.4		RefSeq:WP_011216236.1, SO:0001217, UniParc:UPI0000445B04, UniRef:UniRef100_A0A133X9M3, UniRef:UniRef50_A0A133X9M3, UniRef:UniRef90_A0A133X9M3
contig_3	253	513	+	PGH39_05505	9.8	4.6		SO:0001217, UniRef:UniRef50_UPI0001E3C49E, UniRef:UniRef90_UPI0001E3C49E
contig_3	513	980	+	PGH39_05510	17.5	5.9		RefSeq:WP_038837082.1, SO:0001217, UniParc:UPI0001E3C49D, UniRef:UniRef100_A0A378KCN7, UniRef:UniRef50_A0A378KCN7, UniRef:UniRef90_A0A378KCN7
contig_3	1522	1698	-	PGH39_05515	7.0	5.4		RefSeq:WP_154213631.1, SO:0001217, UniParc:UPI0001E3C49B, UniRef:UniRef100_UPI0001E3C49B, UniRef:UniRef50_UPI000770A72F, UniRef:UniRef90_UPI000770A72F
contig_3	3853	4404	-	PGH39_05525	21.5	7.7		RefSeq:WP_038837076.1, SO:0001217, UniParc:UPI000576D883, UniRef:UniRef100_A0A4T1E548, UniRef:UniRef50_A0A4T1E548, UniRef:UniRef90_A0A4T1E548
contig_3	5003	5668	+	PGH39_05535	25.1	5.0		RefSeq:WP_038837072.1, SO:0001217, UniParc:UPI0001E3C3FE, UniRef:UniRef100_A0A4Q5N4B6, UniRef:UniRef50_D3HLR7, UniRef:UniRef90_A0A4Q5N4B6
contig_3	6507	7238	-	PGH39_05545	28.1	6.1		RefSeq:WP_038837067.1, SO:0001217, UniParc:UPI0001E3C3FC, UniRef:UniRef100_A0A4T1FH56, UniRef:UniRef50_A0A4T1FH56, UniRef:UniRef90_A0A4T1FH56
contig_3	7467	7709	-	PGH39_05550	9.6	9.5		RefSeq:WP_052449135.1, SO:0001217, UniParc:UPI000693A6C9, UniRef:UniRef100_A0A4T1FGS2, UniRef:UniRef50_A0A4T1FGS2, UniRef:UniRef90_A0A4T1FGS2
contig_3	13282	13425	+	PGH39_05585	5.6	6.7		
contig_3	33409	34101	-	PGH39_05690	26.1	5.8		RefSeq:WP_040148287.1, SO:0001217, UniParc:UPI0005908345, UniRef:UniRef100_A0A4T1FLH6, UniRef:UniRef50_A0A4T1FLH6, UniRef:UniRef90_A0A4T1FLH6
contig_3	37216	37422	+	PGH39_05700	7.8	9.4		RefSeq:WP_038836956.1, SO:0001217, UniParc:UPI0001E3C337, UniRef:UniRef100_A0A4T1FKE4, UniRef:UniRef50_W0BB23, UniRef:UniRef90_W0BB23
contig_3	37718	38443	+	PGH39_05710	28.0	6.3		RefSeq:WP_050566894.1, SO:0001217, UniParc:UPI0001E3C335, UniRef:UniRef100_A0A4T1FF51, UniRef:UniRef50_A0A4T1FF51, UniRef:UniRef90_A0A4T1FF51
contig_3	40343	40702	-	PGH39_05725	14.2	9.3		RefSeq:WP_028385432.1, SO:0001217, UniParc:UPI0001E3C332, UniRef:UniRef100_A0A4Q5N840, UniRef:UniRef50_G9EPG8, UniRef:UniRef90_A0A129K8G1
contig_3	41535	41774	+	PGH39_05735	9.1	7.9		RefSeq:WP_038836945.1, SO:0001217, UniParc:UPI0005774622, UniRef:UniRef100_A0A4Q5N4T6, UniRef:UniRef50_G9ELK2, UniRef:UniRef90_A0A0W1AP85
contig_3	43198	43866	+	PGH39_05750	25.4	6.1		RefSeq:WP_038836939.1, SO:0001217, UniParc:UPI0001E3C32E, UniRef:UniRef100_A0A4T1EB19, UniRef:UniRef50_A0A4T1EB19, UniRef:UniRef90_A0A4T1EB19
contig_3	46561	47898	-	PGH39_05765	51.3	6.7		RefSeq:WP_038836934.1, SO:0001217, UniParc:UPI0001E3BDD7, UniRef:UniRef100_A0A4Q5NAC6, UniRef:UniRef50_A0A140J0M7, UniRef:UniRef90_A0A140J0M7
contig_3	85040	85405	+	PGH39_05900	13.5	5.6		RefSeq:WP_038836899.1, SO:0001217, UniParc:UPI0001E3BD8B, UniRef:UniRef100_UPI0001E3BD8B, UniRef:UniRef50_A0A8D6REB2, UniRef:UniRef90_A0A8D6REB2
contig_3	85631	88852	+	PGH39_05905	122.4	6.2		RefSeq:WP_040148302.1, SO:0001217, UniParc:UPI00058E0DFE, UniRef:UniRef100_A0A4T1EAZ8, UniRef:UniRef50_A0A2S6F9F5, UniRef:UniRef90_Q5X0A9
contig_3	92597	92866	+	PGH39_05920	10.0	7.9		RefSeq:WP_010945870.1, SO:0001217, UniParc:UPI00004420E3, UniRef:UniRef100_A0A129ECE3, UniRef:UniRef50_A0A0W0TMJ9, UniRef:UniRef90_A0A129ECE3
contig_3	118734	120659	-	PGH39_06035	72.4	6.6		RefSeq:WP_038836869.1, SO:0001217, UniParc:UPI0001E3BD7A, UniRef:UniRef100_A0A2S8CES4, UniRef:UniRef50_Q5X0D5, UniRef:UniRef90_Q5X0D5
contig_3	123890	124348	-	PGH39_06055	18.0	9.1		RefSeq:WP_038836864.1, SO:0001217, UniParc:UPI0001E3BD77, UniRef:UniRef100_A0A4Q5NA95, UniRef:UniRef50_A0A140J901, UniRef:UniRef90_A0A3A6VME7
contig_3	125948	126715	-	PGH39_06065	29.0	7.6		RefSeq:WP_027266178.1, SO:0001217, UniParc:UPI0001E3BD75, UniRef:UniRef100_A0A2S8CEP0, UniRef:UniRef50_A0A2S6F198, UniRef:UniRef90_A0A3A6V3A4
contig_3	140235	141257	-	PGH39_06130	40.2	5.6		RefSeq:WP_038836852.1, SO:0001217, UniParc:UPI0001E3BD3D, UniRef:UniRef100_A0A4T1EBC6, UniRef:UniRef50_A0A4T1EBC6, UniRef:UniRef90_A0A4T1EBC6
contig_3	142311	142502	-	PGH39_06140	7.0	9.9		
contig_3	142840	142941	+	PGH39_06150	3.7	4.5		
contig_3	149161	150159	-	PGH39_06180	38.9	8.9		RefSeq:WP_011214346.1, SO:0001217, UniParc:UPI00004453BA, UniRef:UniRef100_A0A4Q5NA63, UniRef:UniRef50_A0A378K3K5, UniRef:UniRef90_A0A378K3K5
contig_3	155790	155942	+	PGH39_06215	5.3	10.7		RefSeq:WP_011214339.1, SO:0001217, UniParc:UPI00004453B3, UniRef:UniRef100_A0A3A6VP59, UniRef:UniRef50_A0A3A6VP59, UniRef:UniRef90_A0A3A6VP59
contig_3	161043	161279	+	PGH39_06250	8.9	9.3		RefSeq:WP_011214332.1, SO:0001217, UniParc:UPI00004453AC, UniRef:UniRef100_A0A128TY05, UniRef:UniRef50_A0A378K4S0, UniRef:UniRef90_A0A378K4S0
contig_3	162632	162955	-	PGH39_06265	11.6	5.5		RefSeq:WP_038836819.1, SO:0001217, UniParc:UPI0001E3BD29, UniRef:UniRef100_A0A2S8CEM7, UniRef:UniRef50_Q5X0H8, UniRef:UniRef90_Q5X0H8
contig_3	168300	168656	-	PGH39_06295	12.6	9.8		RefSeq:WP_011212678.1, SO:0001217, UniParc:UPI0000444983, UniRef:UniRef100_A0A128PY41, UniRef:UniRef50_D3HS68, UniRef:UniRef90_A0A128PY41
contig_3	168784	169545	-	PGH39_06300	28.5	9.4		RefSeq:WP_027266140.1, SO:0001217, UniParc:UPI000485C128, UniRef:UniRef100_A0A2S8C6F3, UniRef:UniRef50_Q5X0I5, UniRef:UniRef90_Q5X0I5
contig_3	169809	170834	+	PGH39_06305	37.5	6.7		RefSeq:WP_011214323.1, SO:0001217, UniParc:UPI00004453A3, UniRef:UniRef100_A0A128YHA4, UniRef:UniRef50_A0A128YHA4, UniRef:UniRef90_A0A128YHA4
contig_3	187251	188213	+	PGH39_06375	36.6	5.1		RefSeq:WP_027268155.1, SO:0001217, UniParc:UPI0001E3C09D, UniRef:UniRef100_A0A4Q5NDL3, UniRef:UniRef50_Q5X0K0, UniRef:UniRef90_Q5X0K0
contig_3	192458	192556	-	PGH39_06400	3.9	7.8		
contig_3	227723	227968	-	PGH39_06555	9.6	10.2		RefSeq:WP_013102071.1, SO:0001217, UniParc:UPI0000445379, UniRef:UniRef100_A0A131F480, UniRef:UniRef50_D3HN43, UniRef:UniRef90_Q5WSG0
contig_3	241288	242817	+	PGH39_06620	58.6	7.2		RefSeq:WP_027266105.1, SO:0001217, UniParc:UPI0001E3C3CF, UniRef:UniRef100_A0A378KKV7, UniRef:UniRef50_Q5WSH3, UniRef:UniRef90_Q5WSH3
contig_3	267284	268009	-	PGH39_06740	27.9	5.9		RefSeq:WP_014842943.1, SO:0001217, UniParc:UPI0001E3C3C2, UniRef:UniRef100_A0A130QZ16, UniRef:UniRef50_Q5WSJ6, UniRef:UniRef90_Q5WSJ6
contig_3	268594	269637	+	PGH39_06745	39.3	8.4		RefSeq:WP_038839949.1, SO:0001217, UniParc:UPI0001E3C3C1, UniRef:UniRef100_A0A4T1EAS3, UniRef:UniRef50_Q5WSJ7, UniRef:UniRef90_Q5WSJ7
contig_3	272446	272712	+	PGH39_06760	9.6	9.6		RefSeq:WP_038839944.1, SO:0001217, UniParc:UPI0001E3C3BE, UniRef:UniRef100_A0A4T1FUM7, UniRef:UniRef50_A0A378KAC5, UniRef:UniRef90_A0A378KAC5
contig_3	281499	282143	-	PGH39_06805	25.2	10.0		RefSeq:WP_038839938.1, SO:0001217, UniParc:UPI0001E3C3B5, UniRef:UniRef100_A0A4T1DXT6, UniRef:UniRef50_A0A4T1DXT6, UniRef:UniRef90_A0A4T1DXT6
contig_3	285245	285373	+	PGH39_06825	5.2	10.1		
contig_3	289146	289340	+	PGH39_06845	7.1	9.8		RefSeq:WP_011216775.1, SO:0001217, UniParc:UPI0000445D07, UniRef:UniRef100_A0A2S6F0Q4, UniRef:UniRef50_W0BI31, UniRef:UniRef90_A0A2S6F0Q4
contig_3	291085	293268	+	PGH39_06860	84.2	6.1		RefSeq:WP_038839929.1, SO:0001217, UniParc:UPI0001E3C315, UniRef:UniRef100_A0A4T1EAK4, UniRef:UniRef50_Q5WSM1, UniRef:UniRef90_Q5WSM1
contig_3	305769	305858	-	PGH39_06925	3.4	6.5		
contig_3	307035	307538	+	PGH39_06940	19.2	8.7		RefSeq:WP_038839913.1, SO:0001217, UniParc:UPI0001E3C309, UniRef:UniRef100_A0A4Q5N9T3, UniRef:UniRef50_W0BD67, UniRef:UniRef90_Q5WSN4
contig_3	307743	307892	+	PGH39_06945	5.6	4.1		SO:0001217, UniRef:UniRef50_A0A349ENU0, UniRef:UniRef90_Q5WSP3
contig_3	308636	308827	-	PGH39_06955	6.9	7.8		RefSeq:WP_014327021.1, SO:0001217, UniParc:UPI0001E3C307, UniRef:UniRef100_A0A2S6F0M8, UniRef:UniRef50_Q5WSP5, UniRef:UniRef90_Q5WSP5
contig_3	309095	309991	+	PGH39_06960	32.3	9.6		RefSeq:WP_038839910.1, SO:0001217, UniParc:UPI0001E3C306, UniRef:UniRef100_A0A4Q5NCT1, UniRef:UniRef50_A0A0W0SDR3, UniRef:UniRef90_Q5WSP6
contig_3	322158	323141	-	PGH39_07005	37.4	5.5		SO:0001217, UniRef:UniRef50_A0A0W1A4N6, UniRef:UniRef90_A0A140J078
contig_3	323319	323579	+	PGH39_07010	9.5	4.1		RefSeq:WP_027266045.1, SO:0001217, UniParc:UPI0001E3C2FB, UniRef:UniRef100_A0A378KJP6, UniRef:UniRef50_A0A2S6EUH7, UniRef:UniRef90_A0A378KJP6
contig_3	325711	325827	-	PGH39_07030	4.5	5.0		SO:0001217, UniParc:UPI00031113C8, UniRef:UniRef100_A0A131FPH9, UniRef:UniRef50_A0A131FPH9, UniRef:UniRef90_A0A131FPH9
contig_3	336578	336850	-	PGH39_07090	10.4	5.8		RefSeq:WP_038839886.1, SO:0001217, UniParc:UPI000576D7E1, UniRef:UniRef100_A0A4T1EAH0, UniRef:UniRef50_A0A0W0YKW3, UniRef:UniRef90_A0A140J822
contig_3	337173	338762	+	PGH39_07095	61.4	5.8		RefSeq:WP_040148121.1, SO:0001217, UniParc:UPI00058FD79F, UniRef:UniRef100_A0A4T1EAX1, UniRef:UniRef50_Q5WSS0, UniRef:UniRef90_Q5WSS0
contig_3	368564	368833	+	PGH39_07225	10.7	9.1		RefSeq:WP_038839856.1, SO:0001217, UniParc:UPI0001E3C1C7, UniRef:UniRef100_A0A4T1FWC3, UniRef:UniRef50_A0A0A2ST25, UniRef:UniRef90_A0A2S6EUC4
contig_3	374115	374474	+	PGH39_07255	13.8	8.9		RefSeq:WP_011216696.1, SO:0001217, UniParc:UPI0000445CBB, UniRef:UniRef100_A0A378KK52, UniRef:UniRef50_A0A378KA13, UniRef:UniRef90_A0A378KA13
contig_3	375601	376044	+	PGH39_07265	17.2	5.1		RefSeq:WP_011216694.1, SO:0001217, UniParc:UPI00004452F9, UniRef:UniRef100_A0A2S6ELV4, UniRef:UniRef50_A0A0W0ZAV8, UniRef:UniRef90_A0A2S6ELV4
contig_3	380556	381437	+	PGH39_07295	34.9	8.9	PF00515.31|TPR_1, PF07719.20|TPR_2, PF13181.9|TPR_8, PF13414.9|TPR_11	PFAM:PF00515.31, PFAM:PF07719.20, PFAM:PF13181.9, PFAM:PF13414.9, RefSeq:WP_040148125.1, SO:0001217, UniParc:UPI00058EE0F8, UniRef:UniRef100_A0A4T1FZM4, UniRef:UniRef50_Q5WSW0, UniRef:UniRef90_A0A2S6F0K3
contig_3	390610	390843	-	PGH39_07335	8.6	4.1		RefSeq:WP_027266010.1, SO:0001217, UniParc:UPI0001E3C1B7, UniRef:UniRef100_A0A378KSB7, UniRef:UniRef50_A0A3A6UYE1, UniRef:UniRef90_A0A378KSB7
contig_3	392605	392985	-	PGH39_07345	12.5	4.1		
contig_4	15255	15968	-	PGH39_07400	28.6	8.9		RefSeq:WP_010947406.1, SO:0001217, UniParc:UPI0000442688, UniRef:UniRef100_A0A128IQI0, UniRef:UniRef50_D3HT28, UniRef:UniRef90_A0A128IQI0
contig_4	16040	16234	-	PGH39_07405	6.1	8.1		RefSeq:WP_011213959.1, SO:0001217, UniParc:UPI0000444E7B, UniRef:UniRef100_A0A128ZDP5, UniRef:UniRef50_D3HT29, UniRef:UniRef90_A0A128ZDP5
contig_4	18013	18174	-	PGH39_07415	6.0	6.5		
contig_4	19452	19769	+	PGH39_07425	12.3	9.8		RefSeq:WP_038838633.1, SO:0001217, UniParc:UPI000577F2B6, UniRef:UniRef100_A0A4T1E859, UniRef:UniRef50_A0A128H598, UniRef:UniRef90_A0A128H598
contig_4	19820	21022	-	PGH39_07430	47.2	9.5		RefSeq:WP_038838634.1, SO:0001217, UniParc:UPI0001E3C908, UniRef:UniRef100_A0A4T1FY84, UniRef:UniRef50_Q5WW10, UniRef:UniRef90_A0A140J4T2
contig_4	31435	32112	+	PGH39_07460	25.0	10.1	PF13645.9|YkuD_2	PFAM:PF13645.9, RefSeq:WP_038838641.1, SO:0001217, UniParc:UPI0001E3C987, UniRef:UniRef100_A0A4T1E7Y4, UniRef:UniRef50_D3HT35, UniRef:UniRef90_Q5WW04
contig_4	72025	72171	-	PGH39_07645	5.4	10.0		
contig_4	82762	83226	+	PGH39_07685	16.7	5.6		RefSeq:WP_011946701.1, SO:0001217, UniParc:UPI000152778A, UniRef:UniRef100_A0A4T1ABS1, UniRef:UniRef50_A0A4T1ABS1, UniRef:UniRef90_A0A4T1ABS1
contig_4	96314	96862	-	PGH39_07755	21.0	9.0		RefSeq:WP_011215730.1, SO:0001217, UniParc:UPI0000445917, UniRef:UniRef100_A0A378KF84, UniRef:UniRef50_G9EUB3, UniRef:UniRef90_A0A3A6UUA6
contig_4	139351	139590	-	PGH39_07950	8.7	4.1		RefSeq:WP_011214054.1, SO:0001217, UniParc:UPI0000444EDA, UniRef:UniRef100_A0A2S6EQ45, UniRef:UniRef50_Q5WVQ8, UniRef:UniRef90_Q5WVQ8
contig_4	146631	146828	-	PGH39_07985	7.3	9.8		RefSeq:WP_011946738.1, SO:0001217, UniParc:UPI0001527943, UniRef:UniRef100_Q5WVQ3, UniRef:UniRef50_A0A098GEK3, UniRef:UniRef90_Q5WVQ3
contig_4	153111	153305	-	PGH39_08015	6.7	4.3		RefSeq:WP_011946739.1, SO:0001217, UniParc:UPI00015279DF, UniRef:UniRef100_A0A133X5M5, UniRef:UniRef50_A0A133X5M5, UniRef:UniRef90_A0A133X5M5
contig_4	161597	161989	+	PGH39_08040	13.7	7.8		RefSeq:WP_010947535.1, SO:0001217, UniParc:UPI0000442706, UniRef:UniRef100_A0A0C9MKT2, UniRef:UniRef50_A0A0C9MKT2, UniRef:UniRef90_A0A0C9MKT2
contig_4	174187	175137	-	PGH39_08080	35.6	5.8		RefSeq:WP_038838714.1, SO:0001217, UniParc:UPI0001E3CB45, UniRef:UniRef100_A0A4T1E914, UniRef:UniRef50_G9EM49, UniRef:UniRef90_A0A4T1E914
contig_4	180053	181051	-	PGH39_08105	35.4	5.7		RefSeq:WP_038838727.1, SO:0001217, UniParc:UPI0001E3CB49, UniRef:UniRef100_A0A4T1FTC3, UniRef:UniRef50_Q5WVM9, UniRef:UniRef90_Q5WVM9
contig_4	197549	197749	+	PGH39_08180	7.9	4.5		SO:0001217, UniParc:UPI000334883C, UniRef:UniRef100_A0A128ZWN1, UniRef:UniRef50_A0A0W1AIQ5, UniRef:UniRef90_A0A128ZWN1
contig_4	211625	211906	+	PGH39_08245	10.5	9.9		RefSeq:WP_010947575.1, SO:0001217, UniParc:UPI000044272E, UniRef:UniRef100_A0A130M5D9, UniRef:UniRef50_W0BBA5, UniRef:UniRef90_A0A130M5D9
contig_4	216939	217064	-	PGH39_08275	4.7	6.7		SO:0001217, UniRef:UniRef50_UPI000A8DB8EB, UniRef:UniRef90_UPI000A8DB8EB
contig_4	239516	240601	-	PGH39_08410	39.8	8.9		SO:0001217, UniRef:UniRef50_Q5WVH3, UniRef:UniRef90_Q5WVH3
contig_4	243647	243961	+	PGH39_08430	11.4	5.5		RefSeq:WP_011215844.1, SO:0001217, UniParc:UPI0000445988, UniRef:UniRef100_A0A378KNZ7, UniRef:UniRef50_A0A0A8ULB3, UniRef:UniRef90_A0A130KNG5
contig_4	244126	245235	-	PGH39_08435	41.9	5.7		RefSeq:WP_038838778.1, SO:0001217, UniParc:UPI0001E3C222, UniRef:UniRef100_A0A4T1E8I3, UniRef:UniRef50_A0A0W0U3G5, UniRef:UniRef90_A0A3A6UI66
contig_4	245748	246101	+	PGH39_08445	13.2	5.2		RefSeq:WP_027264713.1, SO:0001217, UniParc:UPI0001E3C224, UniRef:UniRef100_A0A378KFP2, UniRef:UniRef50_A0A0W0VEN8, UniRef:UniRef90_A0A129D5R4
contig_4	250668	250970	+	PGH39_08465	11.5	7.9		RefSeq:WP_011214138.1, SO:0001217, UniParc:UPI0000444F2E, UniRef:UniRef100_A0A129D671, UniRef:UniRef50_D3HKP7, UniRef:UniRef90_A0A129D671
contig_4	251024	251443	+	PGH39_08470	15.7	9.5		RefSeq:WP_016356940.1, SO:0001217, UniParc:UPI0003348BD2, UniRef:UniRef100_A0A8D6LUL1, UniRef:UniRef50_Q5WVG1, UniRef:UniRef90_Q5WVG1
contig_4	254620	254877	-	PGH39_08485	9.8	9.9		SO:0001217, UniParc:UPI000576CBF0, UniRef:UniRef100_A0A4T1E8L0, UniRef:UniRef50_Q5WVF8, UniRef:UniRef90_A0A4T1E8L0
contig_4	256185	256688	+	PGH39_08495	19.6	6.9		RefSeq:WP_027264720.1, SO:0001217, UniParc:UPI0001E3C22F, UniRef:UniRef100_A0A4T1E8J1, UniRef:UniRef50_Q5WVF6, UniRef:UniRef90_Q5WVF6
contig_4	264527	264853	+	PGH39_08530	11.6	8.8		RefSeq:WP_027227790.1, SO:0001217, UniParc:UPI0001E3C2B5, UniRef:UniRef100_A0A2S6EYN9, UniRef:UniRef50_A0A1S0VGB6, UniRef:UniRef90_A0A1S0VGB6
contig_4	265119	265268	+	PGH39_08535	5.0	8.2		
contig_4	272014	273009	-	PGH39_08570	38.1	8.9		RefSeq:WP_027227784.1, SO:0001217, UniParc:UPI0001E3C2BD, UniRef:UniRef100_A0A2S6EYQ3, UniRef:UniRef50_D3HRR8, UniRef:UniRef90_Q5WVE2
contig_4	292326	294971	+	PGH39_08650	100.2	5.8		RefSeq:WP_038838814.1, SO:0001217, UniParc:UPI0001E3C2CB, UniRef:UniRef100_A0A4T1FTK5, UniRef:UniRef50_A0A377GKJ3, UniRef:UniRef90_Q5WVC6
contig_4	299311	300054	-	PGH39_08685	28.7	5.2		RefSeq:WP_010947647.1, SO:0001217, UniParc:UPI0000442775, UniRef:UniRef100_A0A2S6F6S2, UniRef:UniRef50_A0A2S6F6S2, UniRef:UniRef90_A0A2S6F6S2
contig_5	6094	6627	-	PGH39_08710	20.6	4.8		RefSeq:WP_027265619.1, SO:0001217, UniParc:UPI0001E3C5B8, UniRef:UniRef100_A0A8D6LTW4, UniRef:UniRef50_A0A378K838, UniRef:UniRef90_A0A378K838
contig_5	38090	38683	-	PGH39_08845	22.7	9.5		RefSeq:WP_027265239.1, SO:0001217, UniParc:UPI0001E3C660, UniRef:UniRef100_A0A378KI11, UniRef:UniRef50_A0A0W0VJ09, UniRef:UniRef90_A0A131MDC4
contig_5	38699	39154	-	PGH39_08850	17.5	4.8		RefSeq:WP_010947256.1, SO:0001217, UniParc:UPI00004425F4, UniRef:UniRef100_A0A2S6F742, UniRef:UniRef50_Q5WWF4, UniRef:UniRef90_Q5WWF4
contig_5	77817	78515	-	PGH39_09030	26.9	9.8		RefSeq:WP_027265262.1, SO:0001217, UniParc:UPI0004822F41, UniRef:UniRef100_A0A4T1FPB4, UniRef:UniRef50_Q5WWJ0, UniRef:UniRef90_A0A2S6F768
contig_5	102732	103232	+	PGH39_09155	18.3	8.9		RefSeq:WP_027265278.1, SO:0001217, UniParc:UPI0001E3C743, UniRef:UniRef100_A0A8D6LWU9, UniRef:UniRef50_D3HTE3, UniRef:UniRef90_Q5WWL4
contig_5	123550	124701	+	PGH39_09260	42.1	6.1	PF13516.9|LRR_6	PFAM:PF13516.9, RefSeq:WP_050566920.1, SO:0001217, UniParc:UPI0001E3C7D6, UniRef:UniRef100_A0A4Q5N7M6, UniRef:UniRef50_A0A140J4K0, UniRef:UniRef90_A0A4Q5N7M6
contig_5	128045	129025	-	PGH39_09280	36.4	5.5		RefSeq:WP_038838500.1, SO:0001217, UniParc:UPI0001E3C7DA, UniRef:UniRef100_A0A4V6TWI6, UniRef:UniRef50_A0A0W1AMK7, UniRef:UniRef90_A0A4V6TWI6
contig_5	142233	142991	-	PGH39_09340	28.9	7.8		RefSeq:WP_040147677.1, SO:0001217, UniParc:UPI00058FF559, UniRef:UniRef100_A0A4T1FQV9, UniRef:UniRef50_A0A0W0YPZ7, UniRef:UniRef90_Q5WWQ1
contig_5	145387	145782	-	PGH39_09355	14.4	8.8		RefSeq:WP_038838526.1, SO:0001217, UniParc:UPI0001E3C86A, UniRef:UniRef100_A0A4Q5N7K2, UniRef:UniRef50_A0A2H5FKF4, UniRef:UniRef90_Q5WWQ4
contig_5	148439	149299	+	PGH39_09365	32.6	9.2		RefSeq:WP_038838531.1, SO:0001217, UniParc:UPI0001E3C86D, UniRef:UniRef100_A0A4Q5N7L8, UniRef:UniRef50_W0BDT8, UniRef:UniRef90_Q5WWQ6
contig_5	149393	149827	-	PGH39_09370	16.7	7.6		RefSeq:WP_038838533.1, SO:0001217, UniParc:UPI0001E3C86E, UniRef:UniRef100_UPI0001E3C86E, UniRef:UniRef50_A0A8D6LVK8, UniRef:UniRef90_A0A8D6LVK8
contig_5	150784	151275	+	PGH39_09380	17.2	9.1		RefSeq:WP_038838538.1, SO:0001217, UniParc:UPI0001E3C870, UniRef:UniRef100_A0A378KGF3, UniRef:UniRef50_Q5WWQ7, UniRef:UniRef90_Q5WWQ7
contig_5	151779	152030	-	PGH39_09385	9.6	6.1		RefSeq:WP_038838559.1, SO:0001217, UniParc:UPI0001E3C871, UniRef:UniRef100_UPI0001E3C871, UniRef:UniRef50_UPI001EDEB921, UniRef:UniRef90_UPI001EDEB921
contig_5	183394	183906	+	PGH39_09525	18.6	4.6		RefSeq:WP_011213942.1, SO:0001217, UniParc:UPI0000444E6A, UniRef:UniRef100_A0A2S8CAP7, UniRef:UniRef50_A0A0W1A1D2, UniRef:UniRef90_A0A140J4Q8
contig_6	11535	12155	+	PGH39_09600	23.9	9.2		RefSeq:WP_027264852.1, SO:0001217, UniParc:UPI0001E3C7AC, UniRef:UniRef100_A0A4T1ALP2, UniRef:UniRef50_A0A522FE63, UniRef:UniRef90_Q5WZN6
contig_6	17822	18052	-	PGH39_09630	8.3	4.1		RefSeq:WP_011214602.1, SO:0001217, UniParc:UPI00004454B9, UniRef:UniRef100_A0A2S6FCC6, UniRef:UniRef50_A0A0W0Z0J0, UniRef:UniRef90_A0A2S6FCC6
contig_6	24948	26987	-	PGH39_09670	76.8	5.4		RefSeq:WP_038837285.1, SO:0001217, UniParc:UPI0001E3C70F, UniRef:UniRef100_A0A4T1E3H7, UniRef:UniRef50_A0A822W834, UniRef:UniRef90_A0A822W834
contig_6	46898	47332	-	PGH39_09745	15.6	5.9		RefSeq:WP_040147758.1, SO:0001217, UniParc:UPI00058E4749, UniRef:UniRef100_A0A4T1E3W0, UniRef:UniRef50_Q5WZR3, UniRef:UniRef90_Q5WZR3
contig_6	52771	54555	-	PGH39_09775	65.7	8.5		RefSeq:WP_027264880.1, SO:0001217, UniParc:UPI0001E3C6FB, UniRef:UniRef100_A0A4T1FLJ4, UniRef:UniRef50_Q5WZR9, UniRef:UniRef90_Q5WZR9
contig_6	54574	56517	-	PGH39_09780	70.9	4.9		RefSeq:WP_038837240.1, SO:0001217, UniParc:UPI0001E3C6FA, UniRef:UniRef100_A0A4T1FMV5, UniRef:UniRef50_Q5WZS0, UniRef:UniRef90_Q5WZS0
contig_6	60270	60797	-	PGH39_09800	20.4	6.2		RefSeq:WP_011214570.1, SO:0001217, UniParc:UPI0000445499, UniRef:UniRef100_A0A2S8CEU0, UniRef:UniRef50_A0A2S8CEU0, UniRef:UniRef90_A0A2S8CEU0
contig_6	65669	66622	-	PGH39_09830	36.8	8.6		RefSeq:WP_038837227.1, SO:0001217, UniParc:UPI0001E3C643, UniRef:UniRef100_A0A378KAQ4, UniRef:UniRef50_A0A378JVK9, UniRef:UniRef90_Q5WZT0
contig_6	80726	82705	+	PGH39_09890	77.2	6.7		RefSeq:WP_040147761.1, SO:0001217, UniParc:UPI00058BD329, UniRef:UniRef100_A0A378KBE3, UniRef:UniRef50_D3HTN5, UniRef:UniRef90_Q5WZU1
contig_6	109105	109944	+	PGH39_09975	31.8	6.6	PF20376.1|DUF6671	PFAM:PF20376.1, RefSeq:WP_011945462.1, SO:0001217, UniParc:UPI000152787A, UniRef:UniRef100_A0A2S8CEI5, UniRef:UniRef50_Q5WZV8, UniRef:UniRef90_Q5WZV8
contig_6	116890	118860	-	PGH39_10020	75.3	5.7		RefSeq:WP_038837150.1, SO:0001217, UniParc:UPI0001E3C593, UniRef:UniRef100_A0A4T1E3C0, UniRef:UniRef50_A0A4T1E3C0, UniRef:UniRef90_A0A4T1E3C0
contig_6	138697	139563	+	PGH39_10100	33.3	4.8		RefSeq:WP_038837127.1, SO:0001217, UniParc:UPI0001E3C586, UniRef:UniRef100_A0A4Q5N6R9, UniRef:UniRef50_A0A4Q5N6R9, UniRef:UniRef90_A0A4Q5N6R9
contig_6	144394	144846	+	PGH39_10120	17.0	4.7		RefSeq:WP_038837121.1, SO:0001217, UniParc:UPI000577E232, UniRef:UniRef100_A0A4Q5N6N9, UniRef:UniRef50_Q5WZY5, UniRef:UniRef90_Q5WZY5
contig_6	147030	147848	-	PGH39_10135	31.4	6.3		RefSeq:WP_038837119.1, SO:0001217, UniParc:UPI0001E3C4BE, UniRef:UniRef100_A0A378KB92, UniRef:UniRef50_A0A140J0S5, UniRef:UniRef90_A0A378KB92
contig_6	166112	167089	-	PGH39_10235	36.3	8.8		RefSeq:WP_038837110.1, SO:0001217, UniParc:UPI0001E3C4AE, UniRef:UniRef100_A0A4V1ZI04, UniRef:UniRef50_Q5X005, UniRef:UniRef90_Q5X005
contig_6	167400	167879	+	PGH39_10240	18.3	9.2		RefSeq:WP_038837108.1, SO:0001217, UniParc:UPI0001E3C4AC, UniRef:UniRef100_A0A4T1E300, UniRef:UniRef50_D3HK50, UniRef:UniRef90_Q5X006
contig_6	171450	172196	-	PGH39_10265	27.8	6.5		RefSeq:WP_038837100.1, SO:0001217, UniParc:UPI0001E3C4A8, UniRef:UniRef100_A0A4T1E304, UniRef:UniRef50_Q5X014, UniRef:UniRef90_Q5X014
contig_6	172456	173892	-	PGH39_10270	54.8	9.5		RefSeq:WP_038837099.1, SO:0001217, UniParc:UPI0001E3C4A7, UniRef:UniRef100_A0A4T1FKU7, UniRef:UniRef50_Q5X015, UniRef:UniRef90_Q5X015
contig_6	176572	176886	+	PGH39_10285	11.7	4.7		RefSeq:WP_011214477.1, SO:0001217, UniParc:UPI000044543C, UniRef:UniRef100_A0A4T1ZC25, UniRef:UniRef50_A0A0W0YGY6, UniRef:UniRef90_A0A129EBQ1
contig_6	177101	177325	+	PGH39_10290	8.4	6.8		RefSeq:WP_027264965.1, SO:0001217, UniParc:UPI0001E3C4A5, UniRef:UniRef100_A0A4Q5N876, UniRef:UniRef50_Q5X020, UniRef:UniRef90_Q5X020
contig_6	184075	184506	-	PGH39_10315	15.1	4.8		RefSeq:WP_038837094.1, SO:0001217, UniParc:UPI0001E3C4A0, UniRef:UniRef100_A0A4T1E2Z8, UniRef:UniRef50_A0A078KWM5, UniRef:UniRef90_A0A140J0N0
contig_7	837	1613	-	PGH39_10320	29.3	5.9		SO:0001217, UniParc:UPI0001E3C963, UniRef:UniRef100_A0A4T1E274, UniRef:UniRef50_Q5WZA1, UniRef:UniRef90_Q5WZA1
contig_7	1978	2190	+	PGH39_10325	7.8	5.8		RefSeq:WP_010946189.1, SO:0001217, UniParc:UPI000044221B, UniRef:UniRef100_A0A131MNG9, UniRef:UniRef50_A0A0A2SM65, UniRef:UniRef90_A0A131MNG9
contig_7	38885	39022	+	PGH39_10485	5.0	9.6		SO:0001217, UniRef:UniRef50_A0A128R876, UniRef:UniRef90_A0A128R876
contig_7	64890	65186	-	PGH39_10625	10.9	8.2		RefSeq:WP_011214742.1, SO:0001217, UniParc:UPI0000445540, UniRef:UniRef100_A0A2S6FBT0, UniRef:UniRef50_A0A0A2SQN5, UniRef:UniRef90_A0A2S6FBT0
contig_7	66534	66704	-	PGH39_10635	6.7	9.3		SO:0001217, UniRef:UniRef50_A0A131AGE1, UniRef:UniRef90_A0A131AGE1
contig_7	78437	78700	+	PGH39_10695	9.6	4.7		RefSeq:WP_038837509.1, SO:0001217, UniParc:UPI0001E3CA8D, UniRef:UniRef100_A0A378KKF3, UniRef:UniRef50_A0A131MP59, UniRef:UniRef90_A0A131MP59
contig_7	78895	79059	+	PGH39_10700	6.1	4.3		SO:0001217, UniParc:UPI0002FF7F93, UniRef:UniRef100_A0A8D6LU75, UniRef:UniRef50_A0A8D6LU75, UniRef:UniRef90_A0A8D6LU75
contig_7	82991	83215	-	PGH39_10725	8.4	7.9		RefSeq:WP_106229726.1, SO:0001217, UniParc:UPI0001E3CA91, UniRef:UniRef100_A0A378KD81, UniRef:UniRef50_A0A378KD81, UniRef:UniRef90_A0A378KD81
contig_7	88178	88597	+	PGH39_10770	16.1	9.2		RefSeq:WP_129827384.1, SO:0001217, UniParc:UPI0010229FFA, UniRef:UniRef100_UPI0010229FFA, UniRef:UniRef50_A0A0W1A378, UniRef:UniRef90_A0A0W1A378
contig_7	99298	99510	+	PGH39_10840	7.7	9.3		RefSeq:WP_129827377.1, SO:0001217, UniParc:UPI001020FE07, UniRef:UniRef100_UPI001020FE07, UniRef:UniRef50_A0A0W0U8I8, UniRef:UniRef90_A0A0W0VB46
contig_7	106151	106918	-	PGH39_10875	29.5	6.1		RefSeq:WP_129827371.1, SO:0001217, UniParc:UPI0010214F8F, UniRef:UniRef100_UPI0010214F8F, UniRef:UniRef50_A0A0W1A3S6, UniRef:UniRef90_UPI0005B2195E
contig_7	155475	156095	-	PGH39_11100	24.0	9.5		RefSeq:WP_038837552.1, SO:0001217, UniParc:UPI0001E3CB12, UniRef:UniRef100_A0A4T1FIM6, UniRef:UniRef50_A0A4Q2A4S5, UniRef:UniRef90_Q5WYY7
contig_7	156994	157224	-	PGH39_11110	8.6	8.0		RefSeq:WP_011214789.1, SO:0001217, UniParc:UPI000044556F, UniRef:UniRef100_A0A130CPB4, UniRef:UniRef50_A0A0W0Z892, UniRef:UniRef90_A0A130CPB4
contig_7	158634	159032	-	PGH39_11120	14.1	6.8		RefSeq:WP_038837558.1, SO:0001217, UniParc:UPI0001E3CB15, UniRef:UniRef100_A0A4Q5N6I4, UniRef:UniRef50_D3HK90, UniRef:UniRef90_Q5WYY3
contig_8	20831	21175	+	PGH39_11270	13.4	4.5		RefSeq:WP_027229005.1, SO:0001217, UniParc:UPI0001E3C9D1, UniRef:UniRef100_A0A2S6EVF8, UniRef:UniRef50_A0A127V6C9, UniRef:UniRef90_A0A127V6C9
contig_8	56036	57745	+	PGH39_11450	66.4	8.7		SO:0001217, UniRef:UniRef50_A0A098G044, UniRef:UniRef90_Q5WTA8
contig_8	66948	67655	-	PGH39_11490	26.5	8.1		RefSeq:WP_038839683.1, SO:0001217, UniParc:UPI0001E3C940, UniRef:UniRef100_A0A4T1E6I4, UniRef:UniRef50_Q5WTB6, UniRef:UniRef90_Q5WTB6
contig_8	107355	108014	-	PGH39_11690	24.2	5.8		RefSeq:WP_027266287.1, SO:0001217, UniParc:UPI0001E3C8BA, UniRef:UniRef100_A0A378KRS7, UniRef:UniRef50_A0A0A2T4A4, UniRef:UniRef90_Q5ZS76
contig_8	115993	116355	+	PGH39_11715	13.9	5.9		
contig_8	116328	117374	+	PGH39_11720	40.1	5.9		SO:0001217, UniRef:UniRef50_A0A378KTM0, UniRef:UniRef90_Q5ZS81
contig_8	129352	129624	+	PGH39_11780	10.3	4.4		RefSeq:WP_011947544.1, SO:0001217, UniParc:UPI0001527644, UniRef:UniRef100_A0A131MW23, UniRef:UniRef50_D3HM51, UniRef:UniRef90_A0A2S6EV73
contig_8	157468	157884	+	PGH39_11885	17.0	5.0		COG:COG4278, COG:S, RefSeq:WP_011947529.1, SO:0001217, UniParc:UPI0000445216, UniRef:UniRef100_A0A130QT65, UniRef:UniRef50_Q5WTJ6, UniRef:UniRef90_A0A130QT65
contig_9	37	441	-	PGH39_11900	14.8	8.8		RefSeq:WP_038837800.1, SO:0001217, UniParc:UPI0005761E5E, UniRef:UniRef100_UPI0005761E5E, UniRef:UniRef50_UPI0005761E5E, UniRef:UniRef90_UPI0005761E5E
contig_9	34510	34614	-	PGH39_12065	4.0	4.1		
contig_9	44582	45019	-	PGH39_12125	16.4	7.3		RefSeq:WP_010946460.1, SO:0001217, UniParc:UPI0000442314, UniRef:UniRef100_A0A128N8S6, UniRef:UniRef50_A0A128N8S6, UniRef:UniRef90_A0A128N8S6
contig_9	45085	45489	-	PGH39_12130	15.5	8.4		RefSeq:WP_010946459.1, SO:0001217, UniParc:UPI0000442313, UniRef:UniRef100_A0A0C9PG21, UniRef:UniRef50_A0A0C9PG21, UniRef:UniRef90_A0A0C9PG21
contig_9	54592	55053	+	PGH39_12155	16.7	6.7		RefSeq:WP_038837760.1, SO:0001217, UniParc:UPI0001E3C351, UniRef:UniRef100_A0A378KCQ8, UniRef:UniRef50_W0BGM3, UniRef:UniRef90_A0A129G2U3
contig_9	55047	55139	-	PGH39_12160	3.5	8.2		SO:0001217, UniRef:UniRef50_A0A378K3T8, UniRef:UniRef90_A0A378K3T8
contig_9	109186	109452	-	PGH39_12360	10.2	6.1		RefSeq:WP_010946414.1, SO:0001217, UniParc:UPI00004422E7, UniRef:UniRef100_A0A129B029, UniRef:UniRef50_W0B9P4, UniRef:UniRef90_A0A129B029
contig_10	14	484	-	PGH39_12525	17.3	6.0		SO:0001217, UniRef:UniRef50_A0A8D6RFJ9, UniRef:UniRef90_A0A8D6RFJ9
contig_10	768	2462	+	PGH39_12530	64.8	6.7		RefSeq:WP_038839432.1, SO:0001217, UniParc:UPI0001E3C44F, UniRef:UniRef100_A0A4T1ZRX4, UniRef:UniRef50_A0A0W1ABS4, UniRef:UniRef90_Q5WU25
contig_10	2552	3895	-	PGH39_12535	51.5	5.3		RefSeq:WP_038839434.1, SO:0001217, UniParc:UPI0001E3C450, UniRef:UniRef100_A0A4T1E495, UniRef:UniRef50_A0A140J6N4, UniRef:UniRef90_Q5WU24
contig_10	4393	5193	-	PGH39_12540	29.8	8.5		SO:0001217, UniRef:UniRef50_Q5WU23, UniRef:UniRef90_Q5WU23
contig_10	12555	14339	+	PGH39_12580	67.2	9.3		SO:0001217, UniRef:UniRef50_Q5WU20, UniRef:UniRef90_A0A2S6EXE9
contig_10	16206	16586	+	PGH39_12595	14.4	6.8		RefSeq:WP_038839447.1, SO:0001217, UniParc:UPI0001E3C45D, UniRef:UniRef100_A0A4Q5NB01, UniRef:UniRef50_Q5WU16, UniRef:UniRef90_Q5WU16
contig_10	22382	22933	-	PGH39_12635	20.7	5.0		SO:0001217, UniRef:UniRef50_Q5WU09, UniRef:UniRef90_Q5WU09
contig_10	22900	23016	-	PGH39_12640	4.3	9.5		SO:0001217, UniRef:UniRef50_A0A378K7Y1, UniRef:UniRef90_A0A378K7Y1
contig_10	23725	23991	+	PGH39_12650	10.2	6.1		RefSeq:WP_027227480.1, SO:0001217, UniParc:UPI0001E3C466, UniRef:UniRef100_A0A4T1Y7I3, UniRef:UniRef50_A0A2S6F476, UniRef:UniRef90_A0A2S6F476
contig_10	24938	25666	+	PGH39_12660	25.4	5.1		COG:COG0428, COG:P, RefSeq:WP_011216331.1, SO:0001217, UniParc:UPI0000445B62, UniRef:UniRef100_A0A378KGX3, UniRef:UniRef50_A0A0A8US41, UniRef:UniRef90_A0A140J6Q7
contig_10	29861	30355	+	PGH39_12675	18.0	8.7		RefSeq:WP_014842485.1, SO:0001217, UniParc:UPI0001E3C50E, UniRef:UniRef100_A0A128U797, UniRef:UniRef50_A0A0W0YLH0, UniRef:UniRef90_Q5WU02
contig_10	31598	31702	-	PGH39_12690	4.0	7.9		
contig_10	31914	32543	+	PGH39_12700	24.4	5.6		RefSeq:WP_038839454.1, SO:0001217, UniParc:UPI0001E3C510, UniRef:UniRef100_A0A4V1ZI25, UniRef:UniRef50_A0A140IU88, UniRef:UniRef90_A0A140IU88
contig_10	36694	37077	-	PGH39_12725	15.2	4.9		RefSeq:WP_027227492.1, SO:0001217, UniParc:UPI0001E3C515, UniRef:UniRef100_A0A378KIN4, UniRef:UniRef50_D3HM93, UniRef:UniRef90_Q5WTZ4
contig_10	67948	68184	+	PGH39_12880	9.1	10.0		RefSeq:WP_011216371.1, SO:0001217, UniParc:UPI0000445B89, UniRef:UniRef100_A0A378KIQ9, UniRef:UniRef50_A0A0W1AA92, UniRef:UniRef90_A0A2S6EXL1
contig_10	72279	72719	-	PGH39_12890	17.1	9.9		
contig_10	80663	80887	+	PGH39_12935	8.4	4.3		RefSeq:WP_014844648.1, SO:0001217, UniParc:UPI0001E3C5EA, UniRef:UniRef100_A0A4T1E4U8, UniRef:UniRef50_G9EKA2, UniRef:UniRef90_Q5WTV2
contig_10	110293	110634	+	PGH39_13035	12.2	4.8		RefSeq:WP_027265382.1, SO:0001217, UniParc:UPI0001E3C69B, UniRef:UniRef100_A0A378KIA9, UniRef:UniRef50_A0A098G8S3, UniRef:UniRef90_A0A140J6X7
contig_10	110855	111385	+	PGH39_13040	20.2	6.9		RefSeq:WP_027228468.1, SO:0001217, UniParc:UPI0004870C7B, UniRef:UniRef100_A0A2S6EWB6, UniRef:UniRef50_Q5WTT2, UniRef:UniRef90_A0A2S6EWB6
contig_10	111478	111846	-	PGH39_13045	14.2	5.4		RefSeq:WP_027265383.1, SO:0001217, UniParc:UPI0001E3C69D, UniRef:UniRef100_A0A4V1ZI18, UniRef:UniRef50_Q5WTT1, UniRef:UniRef90_Q5WTT1
contig_11	43998	44360	-	PGH39_13340	14.1	9.0		RefSeq:WP_027264835.1, SO:0001217, UniParc:UPI0001E3C84F, UniRef:UniRef100_UPI0001E3C84F, UniRef:UniRef50_Q5WZH3, UniRef:UniRef90_Q5WZH3
contig_11	47392	47505	-	PGH39_13375	4.2	8.0		
contig_11	47505	48455	-	PGH39_13380	36.3	6.1		RefSeq:WP_038837358.1, SO:0001217, UniParc:UPI0001E3C854, UniRef:UniRef100_A0A4Q5N9Q8, UniRef:UniRef50_A0A4Q5N9Q8, UniRef:UniRef90_A0A4Q5N9Q8
contig_11	50023	50409	-	PGH39_13395	14.2	5.4		RefSeq:WP_010946123.1, SO:0001217, UniParc:UPI00004421DA, UniRef:UniRef100_A0A128R001, UniRef:UniRef50_A0A098GAZ1, UniRef:UniRef90_Q5WZG5
contig_11	61339	61797	-	PGH39_13445	16.8	9.7		RefSeq:WP_038837373.1, SO:0001217, UniParc:UPI0001E3C8D2, UniRef:UniRef100_A0A4T1FI54, UniRef:UniRef50_Q5WZF6, UniRef:UniRef90_Q5WZF6
contig_11	71242	71523	-	PGH39_13490	10.3	7.6		RefSeq:WP_038837388.1, SO:0001217, UniParc:UPI0001E3C8D9, UniRef:UniRef100_A0A129DC49, UniRef:UniRef50_W0BBM6, UniRef:UniRef90_A0A2S6FBH7
contig_11	80984	81508	+	PGH39_13545	19.9	6.4		SO:0001217, UniRef:UniRef50_A0A2S6FBC5, UniRef:UniRef90_A0A2S6FBC5
contig_11	84679	85224	+	PGH39_13575	20.5	9.3		RefSeq:WP_010946159.1, SO:0001217, UniParc:UPI00004421FD, UniRef:UniRef100_A0A128P7Y6, UniRef:UniRef50_A0A0W0ZZH9, UniRef:UniRef90_A0A128ZWT2
contig_11	104512	105444	+	PGH39_13680	36.5	9.4		RefSeq:WP_011214690.1, SO:0001217, UniParc:UPI0000445512, UniRef:UniRef100_A0A4Q5N5N0, UniRef:UniRef50_A0A0W0ZYF8, UniRef:UniRef90_A0A2S6FBK6
contig_11	106714	107145	-	PGH39_13695	17.2	5.3		COG:COG4278, COG:S, RefSeq:WP_027264799.1, SO:0001217, UniParc:UPI0001E3C95F, UniRef:UniRef100_A0A378KK65, UniRef:UniRef50_D3HS47, UniRef:UniRef90_Q5WZA5
contig_11	108173	108973	-	PGH39_13705	30.4	6.0		SO:0001217, UniRef:UniRef50_Q5WZA3, UniRef:UniRef90_Q5WZA3
contig_12	24174	24353	-	PGH39_13825	6.5	4.1		RefSeq:WP_011216460.1, SO:0001217, UniParc:UPI0000445203, UniRef:UniRef100_A0A128X8C2, UniRef:UniRef50_A0A128X8C2, UniRef:UniRef90_A0A128X8C2
contig_12	29699	30124	+	PGH39_13850	15.8	6.9		RefSeq:WP_011216456.1, SO:0001217, UniParc:UPI0000445BDE, UniRef:UniRef100_Q5WTM3, UniRef:UniRef50_A0A2S6EVH9, UniRef:UniRef90_A0A2S6EVH9
contig_12	30326	30580	+	PGH39_13855	9.4	4.1		RefSeq:WP_010948278.1, SO:0001217, UniParc:UPI00004429D2, UniRef:UniRef100_A0A0C9PCI8, UniRef:UniRef50_A0A0C9PCI8, UniRef:UniRef90_A0A0C9PCI8
contig_12	30703	31434	+	PGH39_13860	27.1	5.3		SO:0001217, UniRef:UniRef50_Q5WTM5, UniRef:UniRef90_Q5WTM5
contig_12	32485	36465	+	PGH39_13880	152.6	5.7		RefSeq:WP_038839578.1, SO:0001217, UniParc:UPI0001E3C78B, UniRef:UniRef100_A0A4T1E764, UniRef:UniRef50_A0A0W0XQZ2, UniRef:UniRef90_A0A4T1E764
contig_12	40303	40605	+	PGH39_13910	11.5	8.8		RefSeq:WP_038839572.1, SO:0001217, UniParc:UPI0001E3C785, UniRef:UniRef100_A0A4T1FRJ8, UniRef:UniRef50_A0A0W0YYE4, UniRef:UniRef90_A0A4T1FRJ8
contig_12	43210	43728	-	PGH39_13925	20.1	8.9		SO:0001217, UniRef:UniRef50_D3HQ23, UniRef:UniRef90_A0A4Q5ND86
contig_12	43931	44518	+	PGH39_13930	22.4	9.4		SO:0001217, UniRef:UniRef50_A0A2S6F2S3, UniRef:UniRef90_A0A140J716
contig_12	48507	49388	+	PGH39_13955	34.6	5.7		RefSeq:WP_040148390.1, SO:0001217, UniParc:UPI00059098EB, UniRef:UniRef100_A0A4V4P5R7, UniRef:UniRef50_A0A4V4P5R7, UniRef:UniRef90_A0A4V4P5R7
contig_12	50677	51276	+	PGH39_13965	22.8	7.7		RefSeq:WP_038839547.1, SO:0001217, UniParc:UPI0001E3C77B, UniRef:UniRef100_A0A4Q5N9I6, UniRef:UniRef50_A0A4Q5N9I6, UniRef:UniRef90_A0A4Q5N9I6
contig_12	51453	51668	+	PGH39_13970	7.6	6.2		RefSeq:WP_038839545.1, SO:0001217, UniParc:UPI0001E3C77A, UniRef:UniRef100_A0A4T1FTE9, UniRef:UniRef50_A0A4T1FTE9, UniRef:UniRef90_A0A4T1FTE9
contig_12	53088	53429	+	PGH39_13980	12.8	6.3		RefSeq:WP_050566958.1, SO:0001217, UniParc:UPI0001E3C778, UniRef:UniRef100_A0A4T1E786, UniRef:UniRef50_A0A098G0X2, UniRef:UniRef90_A0A4T1E786
contig_12	54349	54990	+	PGH39_13990	24.6	4.9		RefSeq:WP_038839541.1, SO:0001217, UniParc:UPI0001E3C776, UniRef:UniRef100_A0A4Q5N9K0, UniRef:UniRef50_A0A0W0YLR2, UniRef:UniRef90_A0A4Q5N9K0
contig_12	55173	55421	-	PGH39_13995	9.3	9.0		RefSeq:WP_229295325.1, SO:0001217, UniParc:UPI0001E3C775, UniRef:UniRef100_UPI0001E3C775, UniRef:UniRef50_UPI00047F1446, UniRef:UniRef90_UPI0001E3C775
contig_12	55594	56181	+	PGH39_14000	22.4	9.5		SO:0001217, UniRef:UniRef50_A0A2S6F2S3, UniRef:UniRef90_A0A140J716
contig_12	56178	56285	+	PGH39_14005	4.1	9.7		
contig_12	57509	58237	+	PGH39_14015	28.3	5.9		RefSeq:WP_038839536.1, SO:0001217, UniParc:UPI0001E3C772, UniRef:UniRef100_A0A4Q5NB12, UniRef:UniRef50_A0A378LP11, UniRef:UniRef90_A0A2S6EVT9
contig_12	58377	59027	-	PGH39_14020	24.9	5.4		SO:0001217, UniRef:UniRef50_Q5WTN9, UniRef:UniRef90_Q5WTN9
contig_12	63430	63540	+	PGH39_14040	4.2	9.5		
contig_12	69304	69978	+	PGH39_14065	26.5	6.7		RefSeq:WP_027266353.1, SO:0001217, UniParc:UPI0001E3C6BE, UniRef:UniRef100_A0A4T1E6W3, UniRef:UniRef50_D3HRH2, UniRef:UniRef90_A0A4T1E6W3
contig_12	71206	71775	+	PGH39_14075	21.1	9.0		RefSeq:WP_038839521.1, SO:0001217, UniParc:UPI0001E3C6BC, UniRef:UniRef100_A0A378KLG4, UniRef:UniRef50_A0A822W7T2, UniRef:UniRef90_Q5WTQ2
contig_12	75903	76034	+	PGH39_14100	5.0	4.5		
contig_12	76594	76884	-	PGH39_14105	10.2	9.7		RefSeq:WP_027266360.1, SO:0001217, UniParc:UPI0001E3C6B5, UniRef:UniRef100_A0A4T1E0B8, UniRef:UniRef50_A0A131BUG3, UniRef:UniRef90_A0A131BUG3
contig_12	79152	79817	+	PGH39_14115	24.4	7.0		RefSeq:WP_038839519.1, SO:0001217, UniParc:UPI0001E3C6B1, UniRef:UniRef100_A0A4Q5ND61, UniRef:UniRef50_Q5WTQ9, UniRef:UniRef90_Q5WTQ9
contig_12	79950	80375	+	PGH39_14120	16.4	8.5		RefSeq:WP_027266362.1, SO:0001217, UniParc:UPI0004863E6E, UniRef:UniRef100_A0A4Q5N9K1, UniRef:UniRef50_Q5WTR0, UniRef:UniRef90_Q5WTR0
contig_12	92511	92762	+	PGH39_14190	9.9	9.6		RefSeq:WP_011216409.1, SO:0001217, UniParc:UPI0000445BAF, UniRef:UniRef100_A0A2S6F2P2, UniRef:UniRef50_A0A2S6F2P2, UniRef:UniRef90_A0A2S6F2P2
contig_13	22801	23298	+	PGH39_14290	18.7	5.3		RefSeq:WP_011216660.1, SO:0001217, UniParc:UPI0000445C9A, UniRef:UniRef100_A0A378KJ44, UniRef:UniRef50_W0BEM6, UniRef:UniRef90_A0A128LRZ6
contig_13	24367	24516	+	PGH39_14300	5.8	4.5		RefSeq:WP_011216658.1, SO:0001217, UniParc:UPI0000445C98, UniRef:UniRef100_A0A131C657, UniRef:UniRef50_D3HNV8, UniRef:UniRef90_A0A378K9J3
contig_13	41433	42815	+	PGH39_14355	51.3	5.2		RefSeq:WP_038839778.1, SO:0001217, UniParc:UPI0001E3CAEF, UniRef:UniRef100_A0A4T1E0X6, UniRef:UniRef50_Q5WT04, UniRef:UniRef90_Q5WT04
contig_13	45844	46644	-	PGH39_14370	31.0	8.8		RefSeq:WP_072402389.1, SO:0001217, UniParc:UPI000770A046, UniRef:UniRef100_UPI000770A046, UniRef:UniRef50_Q5ZRS7, UniRef:UniRef90_Q5ZRS7
contig_13	63564	63740	+	PGH39_14450	7.0	10.1		
contig_13	84132	84260	-	PGH39_14550	4.9	9.3		
contig_13	92398	93039	+	PGH39_14600	24.0	9.9		RefSeq:WP_038839740.1, SO:0001217, UniParc:UPI0001E3CA51, UniRef:UniRef100_A0A4T1E4S5, UniRef:UniRef50_Q5WT47, UniRef:UniRef90_Q5WT47
contig_13	94212	95690	+	PGH39_14610	57.9	5.9		RefSeq:WP_027265908.1, SO:0001217, UniParc:UPI0001E3CA4F, UniRef:UniRef100_A0A4Q5N623, UniRef:UniRef50_A0A098G8E5, UniRef:UniRef90_Q5WT49
contig_14	3431	3616	+	PGH39_14660	7.5	5.2		RefSeq:WP_011945749.1, SO:0001217, UniParc:UPI0001527749, UniRef:UniRef100_A0A378K2E0, UniRef:UniRef50_W0BHS9, UniRef:UniRef90_A0A2S6FAX6
contig_14	3715	4161	+	PGH39_14665	17.1	9.2		RefSeq:WP_038837577.1, SO:0001217, UniParc:UPI0001E3CB1D, UniRef:UniRef100_A0A4V1ZHW4, UniRef:UniRef50_Q5WYW9, UniRef:UniRef90_Q5WYW9
contig_14	9366	9752	-	PGH39_14700	14.5	8.3		SO:0001217, UniRef:UniRef50_A0A378K216, UniRef:UniRef90_A0A378K216
contig_14	9976	10362	-	PGH39_14705	14.5	6.3		RefSeq:WP_038837583.1, SO:0001217, UniParc:UPI000577821B, UniRef:UniRef100_A0A378KBP3, UniRef:UniRef50_A0A2S6FB22, UniRef:UniRef90_A0A2S6FB22
contig_14	13625	13810	+	PGH39_14730	7.3	4.1		RefSeq:WP_010946331.1, SO:0001217, UniParc:UPI0000442296, UniRef:UniRef100_A0A0C9N1B7, UniRef:UniRef50_A0A378JIN1, UniRef:UniRef90_A0A0W0YIW7
contig_14	18212	18595	-	PGH39_14755	13.8	7.6		RefSeq:WP_011214817.1, SO:0001217, UniParc:UPI000044558B, UniRef:UniRef100_A0A378KBQ0, UniRef:UniRef50_A0A2S6FB32, UniRef:UniRef90_A0A2S6FB32
contig_14	34259	34603	-	PGH39_14830	13.3	7.6		RefSeq:WP_038837616.1, SO:0001217, UniParc:UPI0001E3C14F, UniRef:UniRef100_A0A8D6LV62, UniRef:UniRef50_Q5WYT7, UniRef:UniRef90_Q5WYT7
contig_14	45558	47501	-	PGH39_14885	73.2	9.5		RefSeq:WP_072401713.1, SO:0001217, UniParc:UPI0001E3C159, UniRef:UniRef100_A0A4T1E449, UniRef:UniRef50_A0A098GE82, UniRef:UniRef90_Q5WYS7
contig_14	47612	48004	-	PGH39_14890	14.7	9.4		RefSeq:WP_011214843.1, SO:0001217, UniParc:UPI00004455A5, UniRef:UniRef100_A0A378KFL5, UniRef:UniRef50_A0A128TVN9, UniRef:UniRef90_A0A128TVN9
contig_14	48141	48518	+	PGH39_14895	14.2	9.9		RefSeq:WP_038837636.1, SO:0001217, UniParc:UPI0001E3C15A, UniRef:UniRef100_A0A4T1E2Z2, UniRef:UniRef50_Q5WYS5, UniRef:UniRef90_Q5WYS5
contig_15	667	864	-	PGH39_14995	7.5	6.2		RefSeq:WP_038839334.1, SO:0001217, UniParc:UPI0001E3C2E3, UniRef:UniRef100_A0A4Q5N7K7, UniRef:UniRef50_A0A4Q5N7K7, UniRef:UniRef90_A0A4Q5N7K7
contig_15	888	1151	-	PGH39_15000	10.0	10.3		RefSeq:WP_038839335.1, SO:0001217, UniParc:UPI0001E3C2E4, UniRef:UniRef100_A0A4T1E3X6, UniRef:UniRef50_A0A4T1E3X6, UniRef:UniRef90_A0A4T1E3X6
contig_15	2852	4060	-	PGH39_15015	44.7	9.0		RefSeq:WP_038839340.1, SO:0001217, UniParc:UPI0001E3C2E7, UniRef:UniRef100_A0A4Q5N7H1, UniRef:UniRef50_A0A0W0SMI0, UniRef:UniRef90_A0A4Q5N7H1
contig_15	6547	7893	+	PGH39_15035	51.6	8.4		RefSeq:WP_038839346.1, SO:0001217, UniParc:UPI0001E3C2EA, UniRef:UniRef100_A0A4T1E425, UniRef:UniRef50_A0A0W0ZMA8, UniRef:UniRef90_A0A4T1E425
contig_15	8641	8838	-	PGH39_15045	7.5	5.6		RefSeq:WP_038839349.1, SO:0001217, UniParc:UPI0001E3C2EC, UniRef:UniRef100_A0A4T1E2B3, UniRef:UniRef50_A0A4T1E2B3, UniRef:UniRef90_A0A4T1E2B3
contig_15	10473	10652	+	PGH39_15055	6.7	5.8		SO:0001217, UniParc:UPI0001E3C2EE, UniRef:UniRef100_A0A4T1FMS1, UniRef:UniRef50_A0A4T1FMS1, UniRef:UniRef90_A0A4T1FMS1
contig_15	11575	12009	+	PGH39_15065	16.2	5.7		RefSeq:WP_038839357.1, SO:0001217, UniParc:UPI0001E3C2EF, UniRef:UniRef100_A0A378KGN1, UniRef:UniRef50_Q5WU74, UniRef:UniRef90_Q5WU74
contig_15	12050	12982	-	PGH39_15070	36.5	8.5		RefSeq:WP_040147818.1, SO:0001217, UniParc:UPI00058CCCFC, UniRef:UniRef100_UPI00058CCCFC, UniRef:UniRef50_A0A128WEC6, UniRef:UniRef90_A0A128WEC6
contig_15	14312	14524	+	PGH39_15080	7.8	6.4	PF13612.9|DDE_Tnp_1_3	PFAM:PF13612.9, RefSeq:WP_027265530.1, SO:0001217, UniParc:UPI0001E3C2F2, UniRef:UniRef100_A0A378KKX6, UniRef:UniRef50_A0A378KKX6, UniRef:UniRef90_A0A378KKX6
contig_15	14496	15398	-	PGH39_15085	35.2	6.1		RefSeq:WP_038839364.1, SO:0001217, UniParc:UPI0001E3C2F3, UniRef:UniRef100_A0A4T1FN88, UniRef:UniRef50_A0A378K771, UniRef:UniRef90_A0A127V4M8
contig_15	19003	19248	+	PGH39_15105	9.4	9.6		SO:0001217, UniParc:UPI0001E3C2F6, UniRef:UniRef100_A0A4T1FT76, UniRef:UniRef50_A0A4T1FT76, UniRef:UniRef90_A0A4T1FT76
contig_15	20603	21772	+	PGH39_15115	44.2	9.4		RefSeq:WP_038839372.1, SO:0001217, UniParc:UPI0001E3C2F8, UniRef:UniRef100_A0A4T1FN35, UniRef:UniRef50_A0A4T1FN35, UniRef:UniRef90_A0A4T1FN35
contig_15	24085	25857	+	PGH39_15125	68.2	7.0		SO:0001217, UniParc:UPI000770B6B5, UniRef:UniRef100_A0A4Q5N908, UniRef:UniRef50_Q5WU68, UniRef:UniRef90_A0A4Q5N908
contig_15	35108	36385	-	PGH39_15155	48.4	5.1		RefSeq:WP_038839385.1, SO:0001217, UniParc:UPI0001E3C39D, UniRef:UniRef100_A0A378KLA5, UniRef:UniRef50_A0A140IUF0, UniRef:UniRef90_A0A3A6VHP7
contig_15	39786	40670	+	PGH39_15170	32.4	5.1	PF13516.9|LRR_6	PFAM:PF13516.9, RefSeq:WP_038839387.1, SO:0001217, UniParc:UPI0001E3C3A1, UniRef:UniRef100_A0A4T1FPN7, UniRef:UniRef50_A0A8D6RFI8, UniRef:UniRef90_A0A378KFM5
contig_15	47254	48318	+	PGH39_15210	38.4	6.1	PF13516.9|LRR_6	PFAM:PF13516.9, RefSeq:WP_027265511.1, SO:0001217, UniParc:UPI0001E3C3A7, UniRef:UniRef100_A0A4Q5NAG1, UniRef:UniRef50_A0A8D6RFI8, UniRef:UniRef90_Q5WU48
contig_15	52952	53866	+	PGH39_15230	33.5	6.7		RefSeq:WP_038839405.1, SO:0001217, UniParc:UPI0001E3C3AB, UniRef:UniRef100_A0A378KHM7, UniRef:UniRef50_Q5WU44, UniRef:UniRef90_Q5WU44
contig_15	54348	55502	-	PGH39_15240	42.2	5.7		RefSeq:WP_040147828.1, SO:0001217, UniParc:UPI00058BFFA0, UniRef:UniRef100_A0A378KHZ6, UniRef:UniRef50_A0A127V4U3, UniRef:UniRef90_A0A127V4U3
contig_15	57134	58048	+	PGH39_15250	31.8	6.3		RefSeq:WP_011216296.1, SO:0001217, UniParc:UPI0000445B3F, UniRef:UniRef100_A0A378KL01, UniRef:UniRef50_A0A378KL01, UniRef:UniRef90_A0A378KL01
contig_15	58375	59034	+	PGH39_15255	24.3	7.0		RefSeq:WP_038839414.1, SO:0001217, UniParc:UPI0001E3C3AE, UniRef:UniRef100_A0A378KLC6, UniRef:UniRef50_Q5WU40, UniRef:UniRef90_Q5WU40
contig_15	66826	66951	-	PGH39_15285	4.7	9.7		
contig_15	67084	67521	+	PGH39_15290	15.7	7.7		RefSeq:WP_010948117.1, SO:0001217, UniParc:UPI000044293C, UniRef:UniRef100_A0A2S6F438, UniRef:UniRef50_A0A128WKH3, UniRef:UniRef90_A0A128WKH3
contig_15	67467	67709	+	PGH39_15295	9.4	6.7		
contig_15	67727	68020	-	PGH39_15300	11.0	5.7		RefSeq:WP_027265665.1, SO:0001217, UniParc:UPI0001E3C447, UniRef:UniRef100_A0A378KLD6, UniRef:UniRef50_Q5WU33, UniRef:UniRef90_A0A130X804
contig_15	68696	69802	+	PGH39_15310	42.1	6.1		RefSeq:WP_027265663.1, SO:0001217, UniParc:UPI0004839D8D, UniRef:UniRef100_A0A4Q5N7F1, UniRef:UniRef50_Q5WU32, UniRef:UniRef90_Q5WU32
contig_16	2979	3737	-	PGH39_15350	29.7	8.2		RefSeq:WP_038838859.1, SO:0001217, UniParc:UPI0001E3C389, UniRef:UniRef100_A0A4T1DZM6, UniRef:UniRef50_A0A127V3J2, UniRef:UniRef90_A0A3A6UUW5
contig_16	3978	4889	+	PGH39_15355	34.3	8.5		RefSeq:WP_038838856.1, SO:0001217, UniParc:UPI0001E3C388, UniRef:UniRef100_A0A4Q5N4M2, UniRef:UniRef50_A0A8D6LVC8, UniRef:UniRef90_A0A4Q5N4M2
contig_16	23975	24109	-	PGH39_15435	4.9	9.7		SO:0001217, UniRef:UniRef50_A0A378IJ90, UniRef:UniRef90_A0A378IJ90
contig_16	24445	27354	-	PGH39_15440	108.5	6.1		SO:0001217, UniRef:UniRef50_A0A4T1E2D4, UniRef:UniRef90_A0A4T1E2D4
contig_19	992	1309	-	PGH39_15545	12.3	10.7		
contig_21	98	208	+	PGH39_15560	4.0	9.8		
